County,Coordinates
Aleutians East,-163.03943,55.45072 -163.03316,55.44276 -163.0298,55.43134 -163.02794,55.42083 -163.03001,55.4128 -163.0345,55.4037 -163.04121,55.39468 -163.04921,55.38195 -163.05912,55.37186 -163.06456,55.36648 -163.07096,55.36133 -163.08164,55.35774 -163.09062,55.35442 -163.10688,55.34883 -163.132,55.34379 -163.13981,55.34315 -163.15394,55.34312 -163.17979,55.34732 -163.19627,55.35078 -163.21495,55.35966 -163.22761,55.36259 -163.23536,55.36611 -163.24705,55.3745 -163.25602,55.38552 -163.26237,55.3942 -163.26747,55.40729 -163.27003,55.41626 -163.27192,55.42385 -163.27089,55.43172 -163.26719,55.4381 -163.26298,55.44367 -163.25908,55.44952 -163.25213,55.45382 -163.25993,55.45905 -163.26713,55.46678 -163.2715,55.47701 -163.27107,55.48489 -163.26793,55.49429 -163.26573,55.49918 -163.26,55.50623 -163.25096,55.51217 -163.24251,55.51772 -163.23229,55.52172 -163.22341,55.52429 -163.2098,55.52701 -163.2018,55.52868 -163.19042,55.53056 -163.17388,55.53212 -163.15661,55.53105 -163.1462,55.52848 -163.13653,55.52502 -163.12725,55.51918 -163.1162,55.5137 -163.10933,55.51029 -163.10137,55.50607 -163.09532,55.50176 -163.09401,55.49707 -163.08416,55.49268 -163.07601,55.48869 -163.06652,55.48041 -163.06056,55.47164 -163.05638,55.46517 -163.05351,55.46293 -163.04729,55.45929 -163.04186,55.45464
Aleutians West,173.40338,52.77756 173.41327,52.76474 173.42059,52.74411 173.39853,52.71047 173.38068,52.703 173.36197,52.69576 173.33024,52.69283 173.28742,52.70672 173.2677,52.71997 173.22367,52.73523 173.20188,52.73921 173.16202,52.73465 173.10331,52.72979 173.06272,52.74032 173.04578,52.74885 173.04416,52.73818 173.01853,52.72195 172.96921,52.6995 172.94849,52.6914 172.93067,52.68483 172.90147,52.6816 172.86762,52.69025 172.83561,52.70997 172.81556,52.72915 172.80491,52.72956 172.76017,52.72741 172.71607,52.73241 172.68015,52.74862 172.65625,52.76774 172.61014,52.79823 172.56528,52.81753 172.51559,52.83929 172.47908,52.85523 172.45044,52.85244 172.42795,52.85612 172.40448,52.86843 172.37324,52.88156 172.35392,52.89499 172.34934,52.92219 172.36582,52.95174 172.3996,52.96877 172.42553,52.97156 172.4342,52.97578 172.44534,52.98404 172.48382,52.99892 172.50664,53.01252 172.52773,53.02332 172.56227,53.03063 172.58617,53.04387 172.65236,53.05462 172.70784,53.05909 172.76362,53.06526 172.80827,53.05653 172.85984,53.05375 172.913,53.05076 172.95416,53.03895 172.97074,53.04439 172.9943,53.04754 173.01872,53.04746 173.06184,53.0418 173.10221,53.04587 173.14628,53.04103 173.17869,53.03283 173.21589,53.02035 173.2363,53.00299 173.24244,53.00121 173.26212,53.00262 173.29282,52.99946 173.3064,52.99645 173.32194,52.99212 173.34522,52.97711 173.37141,52.96034 173.38383,52.94115 173.39033,52.91417 173.39259,52.90745 173.40036,52.90676 173.41804,52.91604 173.4503,52.91362 173.48955,52.90011 173.50255,52.89155 173.51253,52.88106 173.51616,52.87398 173.52278,52.87081 173.53752,52.86679 173.54805,52.85899 173.5558,52.85072 173.56761,52.84187 173.57708,52.83035 173.57866,52.8241 173.57817,52.82297 173.58065,52.81548 173.57787,52.80899 173.56939,52.79897 173.55135,52.78488 173.52606,52.77448 173.50439,52.77279 173.46875,52.77499 173.46124,52.77656 173.44827,52.78124 173.43805,52.78135 173.41604,52.77799
Anchorage,-148.71426,61.42717 -148.66258,61.42701 -148.60276,61.42692 -148.46457,61.42704 -148.46001,61.42697 -148.46009,61.42592 -148.46053,61.34858 -148.46061,61.31393 -148.46132,61.22505 -148.46164,61.18812 -148.47826,61.09981 -148.47708,61.04203 -148.47554,60.9965 -148.47436,60.97551 -148.47411,60.93937 -148.47404,60.92984 -148.47396,60.91918 -148.47362,60.87183 -148.52196,60.84917 -148.55218,60.84825 -148.59179,60.84705 -148.59427,60.84697 -148.59779,60.84686 -148.6775,60.84597 -148.72922,60.8461 -148.74611,60.8325 -148.74632,60.80046 -148.74643,60.77801 -148.74627,60.7642 -148.74598,60.75698 -148.7456,60.73688 -148.74558,60.73388 -148.74763,60.73388 -148.8044,60.73384 -148.83469,60.73382 -148.87174,60.73382 -148.98942,60.73379 -149.02983,60.73385 -149.03937,60.73454 -149.04223,60.75128 -149.03837,60.83732 -149.0529,60.86389 -149.09001,60.88191 -149.18141,60.90377 -149.32648,60.90699 -149.41778,60.91696 -149.4705,60.92803 -149.67098,60.97476 -149.73253,60.99356 -149.7521,60.99944 -149.78896,61.00879 -149.84922,61.02407 -149.96745,61.05405 -149.99996,61.06229 -150.02584,61.06843 -150.22632,61.07503 -150.30343,61.10724 -150.39731,61.15527 -150.42061,61.1672 -150.3914,61.17162 -150.19478,61.20143 -149.96656,61.23396 -149.95007,61.24185 -149.89789,61.26704 -149.83793,61.33668 -149.70222,61.40858 -149.57343,61.43693 -149.49913,61.45331 -149.45057,61.46379 -149.39606,61.47592 -149.35989,61.48383 -149.27058,61.48387 -149.25215,61.4836 -149.24364,61.48322 -149.2376,61.48227 -149.23774,61.4701 -149.21702,61.45464 -149.18745,61.42591 -149.13936,61.42496 -149.09852,61.42479 -148.88782,61.42669
Bethel,-172.81533,60.55785 -172.76162,60.51512 -172.70686,60.48992 -172.65084,60.46966 -172.53002,60.43574 -172.50019,60.43227 -172.49948,60.43211 -172.4626,60.43869 -172.43959,60.4365 -172.41606,60.4365 -172.34754,60.42775 -172.30612,60.40585 -172.27851,60.38833 -172.24169,60.373 -172.18646,60.35329 -172.16805,60.34891 -172.12202,60.32701 -172.10877,60.30343 -172.14352,60.27145 -172.16678,60.26071 -172.2169,60.2446 -172.26753,60.2445 -172.29551,60.23883 -172.32282,60.24282 -172.36158,60.25201 -172.3884,60.2755 -172.42637,60.27459 -172.49604,60.27422 -172.53423,60.26526 -172.56501,60.25809 -172.62514,60.26376 -172.65248,60.26975 -172.67936,60.27803 -172.69944,60.28838 -172.71537,60.29622 -172.74442,60.30103 -172.7725,60.30928 -172.80238,60.31865 -172.82013,60.31615 -172.84794,60.31838 -172.87777,60.32631 -172.91023,60.33962 -172.92536,60.35258 -172.93097,60.37052 -172.93145,60.38968 -172.95216,60.39827 -172.9859,60.41185 -172.98692,60.41217 -173.02952,60.42584 -173.06739,60.4399 -173.07671,60.44092 -173.09529,60.44179 -173.11531,60.44724 -173.14487,60.4571 -173.15827,60.46749 -173.16782,60.48108 -173.17052,60.49648 -173.16526,60.51429 -173.15646,60.52214 -173.16322,60.53832 -173.15402,60.56459 -173.14022,60.57553 -173.14164,60.57756 -173.14482,60.5821 -173.16782,60.59304 -173.17703,60.59961 -173.18163,60.60618 -173.23223,60.63683 -173.23683,60.64558 -173.23223,60.65434 -173.21843,60.67623 -173.19083,60.68937 -173.19083,60.70001 -173.19083,60.70688 -173.17703,60.72001 -173.15863,60.72877 -173.13998,60.73316 -173.11046,60.74211 -173.10041,60.74517 -173.05907,60.74775 -173.01896,60.7414 -173.01247,60.74037 -172.98976,60.73181 -172.97256,60.7173 -172.97145,60.71637 -172.96225,60.7098 -172.95305,60.69448 -172.94845,60.67478 -172.94532,60.65842 -172.94385,60.6507 -172.92935,60.64873 -172.91165,60.64632 -172.89434,60.64468 -172.88865,60.64413 -172.86104,60.63757 -172.83804,60.62881 -172.82884,60.62225 -172.81964,60.61349 -172.81504,60.60254 -172.81964,60.59598 -172.81929,60.59287
Bristol Bay,-157.01195,58.88865 -157.01091,58.88865 -156.91523,58.88745 -156.87733,58.88777 -156.7991,58.88879 -156.74154,58.8895 -156.67724,58.89026 -156.64793,58.8906 -156.49135,58.8923 -156.31811,58.89303 -156.31745,58.80926 -156.31829,58.72677 -156.31794,58.64922 -156.31767,58.60961 -156.52725,58.60965 -156.61996,58.60967 -156.68267,58.60968 -156.73281,58.60971 -156.80785,58.60972 -156.85851,58.60974 -156.95455,58.60986 -157.04045,58.6099 -157.08342,58.60991 -157.21089,58.60983 -157.26759,58.60979 -158.0015,58.60993 -158.00139,58.617 -158.00101,58.64359 -157.99648,58.64638 -157.95456,58.65506 -157.90558,58.66777 -157.81978,58.68904 -157.7996,58.69559 -157.77563,58.70458 -157.76323,58.70942 -157.72843,58.72052 -157.69647,58.72997 -157.57263,58.75162 -157.54079,58.76367 -157.53265,58.77264 -157.47098,58.78711 -157.41529,58.79618 -157.38197,58.80871 -157.32212,58.83282 -157.27325,58.83607 -157.2414,58.83756 -157.21571,58.84153 -157.19964,58.84517 -157.17973,58.85057 -157.1721,58.8597 -157.16438,58.86032 -157.15841,58.86031 -157.15801,58.86023 -157.13989,58.86154
Denali,-146.98085,64.01268 -146.97604,63.95962 -146.97291,63.92516 -146.97264,63.92212 -146.97211,63.9048 -146.97249,63.87785 -146.97349,63.84498 -146.97524,63.78776 -146.97633,63.75213 -146.97662,63.74285 -146.97679,63.73051 -146.97755,63.66739 -146.9664,63.63547 -146.95964,63.61609 -146.95577,63.60504 -146.94711,63.58026 -146.93682,63.55219 -146.93028,63.53624 -146.91728,63.50458 -146.90723,63.48008 -146.91011,63.48007 -147.30634,63.4763 -147.68412,63.47216 -147.81154,63.47253 -148.03269,63.46425 -148.03587,63.33079 -148.16712,63.33097 -148.24053,63.3312 -148.72258,63.33551 -149.07161,63.3331 -149.1546,63.33351 -149.1917,63.33317 -149.36501,63.33266 -149.60443,63.31039 -149.94824,63.23346 -150.12062,63.19583 -150.33747,63.14779 -150.5571,63.09854 -150.91202,63.01896 -151.01147,62.99672 -151.32895,62.92387 -151.88936,62.78842 -152.1029,62.72238 -152.24719,62.72285 -152.62636,62.72413 -152.98924,62.72731 -153.00134,62.72744 -152.99689,62.73089 -152.81486,62.87372 -152.5156,63.10646 -152.43432,63.19817 -152.51004,63.3036 -152.80989,63.39199 -152.84346,63.4815 -152.70825,63.65165 -152.35824,63.65556 -152.23617,63.79364 -152.05203,63.87306 -152.0496,63.90804 -152.04823,63.95614 -151.85713,64.03019 -151.52511,64.03246 -151.13647,64.13288 -150.83932,64.3115 -150.49371,64.36436 -150.30467,64.36391 -149.61972,64.35794 -149.30188,64.35845 -149.22019,64.35871 -149.04375,64.34311 -148.7765,64.34219 -148.23231,64.34301 -147.99882,64.34171 -147.99516,64.34169 -147.99479,64.34151 -147.98961,64.33605 -147.98367,64.33442 -147.97802,64.33232 -147.96206,64.32543 -147.94152,64.32377 -147.93205,64.32267 -147.92531,64.31804 -147.91668,64.31091 -147.89883,64.30918 -147.8932,64.30527 -147.89615,64.30067 -147.88394,64.29586 -147.87094,64.28983 -147.8537,64.2868 -147.83769,64.28339 -147.82131,64.28133 -147.81613,64.27373 -147.80664,64.26705 -147.79558,64.26289 -147.78352,64.25973 -147.76587,64.2584 -147.64563,64.25934 -147.38427,64.26047 -147.22556,64.26003 -147.0081,64.25895 -147.00318,64.25893 -146.9973,64.19401 -146.99337,64.15067 -146.98966,64.10982 -146.98548,64.06371 -146.98387,64.04598 -146.98185,64.02375 -146.98121,64.01666
Dillingham,-160.53193,58.65719 -160.53947,58.66434 -160.54432,58.67433 -160.54406,58.68784 -160.53749,58.70027 -160.53092,58.70627 -160.52542,58.70857 -160.52567,58.71233 -160.52652,58.72073 -160.52579,58.73024 -160.52046,58.741 -160.51354,58.75065 -160.5043,58.76143 -160.49037,58.77363 -160.47205,58.78369 -160.45223,58.79185 -160.41927,58.79785 -160.41604,58.79844 -160.39757,58.7974 -160.39243,58.79711 -160.36764,58.7941 -160.34939,58.78881 -160.33319,58.78177 -160.32324,58.77506 -160.31171,58.7765 -160.29679,58.77628 -160.28239,58.77497 -160.26391,58.77175 -160.2377,58.76605 -160.22254,58.75911 -160.21408,58.75548 -160.20589,58.75603 -160.18767,58.75628 -160.1594,58.75294 -160.13762,58.7489 -160.11655,58.73902 -160.10191,58.72481 -160.09938,58.71607 -160.09626,58.70534 -160.09697,58.69728 -160.11031,58.6816 -160.12255,58.67283 -160.13905,58.66384 -160.14871,58.65993 -160.15273,58.6582 -160.15198,58.65336 -160.153,58.64755 -160.15409,58.63711 -160.16115,58.62604 -160.1684,58.61856 -160.17982,58.61002 -160.19718,58.60212 -160.21216,58.59505 -160.21347,58.59317 -160.21332,58.59215 -160.21286,58.58485 -160.21544,58.57831 -160.2256,58.56554 -160.23871,58.55615 -160.25876,58.54457 -160.30103,58.53576 -160.33361,58.53568 -160.36762,58.54199 -160.39686,58.55392 -160.39694,58.55402 -160.40777,58.56731 -160.41429,58.58693 -160.40661,58.60277 -160.40112,58.61257 -160.39486,58.62127 -160.38763,58.62765 -160.40132,58.62498 -160.41731,58.62361 -160.4331,58.62225 -160.45361,58.62307 -160.47534,58.62719 -160.49147,58.63346 -160.50911,58.64238 -160.52874,58.65416
Fairbanks North Star,-148.65348,64.97943 -148.4508,65.21157 -147.45963,65.24015 -146.93676,65.27182 -146.54617,65.35384 -146.17198,65.44894 -146.12469,65.30637 -145.71892,65.18262 -145.67876,65.06539 -145.31758,65.06983 -144.83719,65.11903 -144.32896,65.09958 -143.92668,65.10205 -144.00235,65.04593 -143.99087,64.9464 -144.09041,64.7411 -144.06116,64.68344 -144.05209,64.67715 -144.18502,64.64215 -144.40169,64.59547 -144.62291,64.59689 -144.75731,64.58954 -144.93549,64.57708 -145.10198,64.50575 -145.36989,64.45618 -145.62274,64.43055 -145.84535,64.42908 -146.04325,64.37753 -146.20137,64.36897 -146.22962,64.31666 -146.33166,64.28494 -146.34743,64.2801 -146.36638,64.27849 -146.4058,64.28016 -146.46535,64.28194 -146.48645,64.28177 -146.52077,64.27727 -146.55958,64.27054 -146.60896,64.26064 -146.67041,64.25851 -146.67823,64.25849 -146.72804,64.2585 -147.00231,64.25892 -147.00318,64.25893 -147.0081,64.25895 -147.22556,64.26003 -147.38427,64.26047 -147.64563,64.25934 -147.76587,64.2584 -147.78352,64.25973 -147.79558,64.26289 -147.80664,64.26705 -147.81613,64.27373 -147.82131,64.28133 -147.83769,64.28339 -147.8537,64.2868 -147.87094,64.28983 -147.88394,64.29586 -147.89615,64.30067 -147.8932,64.30527 -147.89883,64.30918 -147.91668,64.31091 -147.92531,64.31804 -147.93205,64.32267 -147.94152,64.32377 -147.96206,64.32543 -147.97802,64.33232 -147.98367,64.33442 -147.98961,64.33605 -147.99479,64.34151 -147.99516,64.34169 -148.01055,64.34522 -148.03937,64.34495 -148.10497,64.36597 -148.17854,64.40675 -148.23879,64.46226 -148.31938,64.50329 -148.40731,64.54728 -148.51872,64.60185 -148.64554,64.63374 -148.6535,64.9784
Haines,-135.00424,58.12273 -135.25315,58.16585 -135.45552,58.31755 -135.44875,58.38794 -135.49457,58.48606 -135.40254,58.50074 -135.32528,58.49789 -135.40487,58.58036 -135.4805,58.65414 -135.54553,58.69607 -135.69352,58.72858 -135.73152,58.79094 -135.61581,58.85826 -135.59458,58.90381 -135.56621,58.95089 -135.63649,58.99535 -135.72261,59.07241 -135.85151,59.15097 -135.99404,59.1824 -136.09904,59.19869 -136.18214,59.2039 -136.26949,59.22754 -136.36917,59.23676 -136.42129,59.24743 -136.48661,59.26111 -136.48825,59.26371 -136.49043,59.26719 -136.49258,59.27059 -136.4932,59.27335 -136.49046,59.27448 -136.47557,59.28064 -136.46687,59.28554 -136.46716,59.29243 -136.46735,59.29709 -136.46755,59.30179 -136.46803,59.31327 -136.46855,59.32574 -136.46866,59.32836 -136.46887,59.33358 -136.4692,59.34137 -136.46957,59.35039 -136.46975,59.35452 -136.47043,59.37084 -136.47097,59.38387 -136.47114,59.38802 -136.47145,59.39531 -136.47172,59.40178 -136.47273,59.42593 -136.47313,59.43569 -136.47373,59.44998 -136.47413,59.45954 -136.47418,59.46072 -136.47119,59.46372 -136.46374,59.46261 -136.41467,59.45529 -136.36628,59.44808 -136.365,59.4482 -136.36418,59.44839 -136.35814,59.4498 -136.30185,59.46413 -136.27461,59.48852 -136.24969,59.51087 -136.24504,59.51504 -136.23423,59.52473 -136.23477,59.52793 -136.23653,59.53827 -136.23734,59.55873 -136.24549,59.56165 -136.26303,59.56794 -136.30359,59.61153 -136.25689,59.62365 -136.20823,59.6355 -136.18654,59.64023 -136.16624,59.64224 -136.00516,59.65816 -135.9459,59.6638 -135.86084,59.68947 -135.85895,59.69005 -135.85614,59.69111 -135.82946,59.69894 -135.6996,59.70388 -135.66631,59.66653 -135.63077,59.62665 -135.60782,59.60091 -135.57971,59.56943 -135.57071,59.55936 -135.56356,59.55136 -135.54761,59.5335 -135.53952,59.52444 -135.52271,59.50561 -135.50906,59.49034 -135.50331,59.4839 -135.45873,59.43398 -135.43925,59.41217 -135.4286,59.40024 -135.38651,59.35312 -135.37552,59.34063 -135.35398,59.34081 -135.29168,59.34169 -135.23697,59.34245 -135.21948,59.3427 -135.1898,59.34312 -135.15352,59.34362 -135.11274,59.3442 -135.07628,59.34471 -135.03483,59.34529 -135.02405,59.34018 -135.01961,59.33577 -135.01604,59.33222 -135.01,59.3262 -135.00834,59.32454 -135.00753,59.32374 -135.00298,59.31922 -134.99314,59.3099 -134.98087,59.29828 -134.969,59.28703 -134.96143,59.28031 -134.9518,59.2791 -134.92404,59.27562 -134.8418,59.26531 -134.70238,59.24784 -134.69547,59.22857 -134.68911,59.21086 -134.68192,59.19084 -134.67497,59.18707 -134.66887,59.18375 -134.62434,59.15958 -134.58,59.13551 -134.56221,59.12827 -134.52972,59.12819 -134.48124,59.12807 -134.45417,59.09683 -134.44905,59.09092 -134.4422,59.08301 -134.43562,59.07795 -134.38449,59.03859 -134.38289,59.03736 -134.38264,59.03717 -134.37977,59.03496 -134.39842,59.0 -134.40029,58.99648 -134.40031,58.99598 -134.40033,58.99548 -134.40065,58.98679 -134.40097,58.9781 -134.40099,58.97761 -134.401,58.97738 -134.40103,58.97666 -134.40104,58.97622 -134.40031,58.97609 -134.36415,58.96976 -134.34659,58.96669 -134.32798,58.96343 -134.48494,58.96545 -134.59901,58.96691 -134.6366,58.9674 -134.65872,58.96768 -134.66527,58.96776 -134.66802,58.9678 -134.7002,58.96821 -134.73006,58.9686 -134.79989,58.96949 -134.82127,58.96977 -134.83808,58.96999 -134.8728,58.97043 -134.94719,58.97132 -134.94774,58.97134 -134.95199,58.97162 -134.95769,58.97198 -134.99196,58.9723 -135.00418,58.97242 -135.03662,58.97273 -135.06573,58.97297 -135.12227,58.97344 -135.14656,58.97363 -135.18256,58.97404 -135.21465,58.9618 -135.09854,58.58327 -135.0741,58.50212 -135.06449,58.45256
Hoonah-Angoon,-135.87819,59.39054 -135.89215,59.3938 -135.90015,59.39567 -135.90432,59.39682 -135.90647,59.39742 -135.91207,59.39852 -135.9194,59.40074 -135.92181,59.40147 -135.92662,59.40348 -135.92689,59.40431 -135.92526,59.4058 -135.92424,59.40671 -135.92382,59.40708 -135.9236,59.40728 -135.92269,59.4081 -135.9199,59.41062 -135.90336,59.4074 -135.88413,59.40398 -135.86781,59.3986 -135.85438,59.39279 -135.85508,59.3886 -135.85533,59.38728 -135.85709,59.38618 -135.86677,59.38997 -135.86881,59.39072 -135.87815,59.39056
Juneau,-133.71748,57.79966 -134.12061,58.11144 -134.33893,58.12855 -134.4879,58.09446 -134.545,58.08342 -134.58283,58.05628 -134.6604,58.03394 -134.71834,58.05 -134.76443,58.09627 -134.7744,58.11173 -134.7707,58.11869 -134.77234,58.13091 -134.77032,58.13749 -134.77272,58.14965 -134.77173,58.15607 -134.77247,58.16579 -134.76243,58.16987 -134.75506,58.17448 -134.75381,58.18038 -134.75405,58.18629 -134.74557,58.18848 -134.70593,58.25416 -135.05624,58.49122 -135.0741,58.50212 -135.09854,58.58327 -135.21465,58.9618 -135.18256,58.97404 -135.14656,58.97363 -135.12227,58.97344 -135.06573,58.97297 -135.03662,58.97273 -135.00418,58.97242 -134.99196,58.9723 -134.95769,58.97198 -134.95199,58.97162 -134.94774,58.97134 -134.94719,58.97132 -134.8728,58.97043 -134.83808,58.96999 -134.82127,58.96977 -134.79989,58.96949 -134.73006,58.9686 -134.7002,58.96821 -134.66802,58.9678 -134.66527,58.96776 -134.65872,58.96768 -134.6366,58.9674 -134.59901,58.96691 -134.48494,58.96545 -134.32798,58.96343 -134.32113,58.9621 -134.30639,58.95924 -134.32896,58.91959 -134.2721,58.87497 -134.26697,58.87095 -134.26259,58.86751 -134.25332,58.86024 -134.25053,58.85805 -134.23207,58.85211 -134.15967,58.82882 -134.15875,58.82853 -134.07542,58.80155 -133.99208,58.77458 -133.94709,58.76078 -133.89967,58.74623 -133.87773,58.73946 -133.8637,58.73515 -133.85538,58.73259 -133.84039,58.72799 -133.82605,58.71552 -133.79441,58.68802 -133.78757,58.68207 -133.78478,58.67964 -133.76876,58.66571 -133.75587,58.6545 -133.74624,58.64612 -133.72363,58.626 -133.69983,58.60729 -133.67785,58.59412 -133.65768,58.5815 -133.65647,58.58074 -133.65284,58.57847 -133.64445,58.57333 -133.62047,58.55867 -133.61575,58.55578 -133.55995,58.52233 -133.5458,58.51468 -133.53662,58.50989 -133.52905,58.5059 -133.50878,58.49504 -133.49246,58.48646 -133.48978,58.48508 -133.45607,58.46777 -133.42875,58.45349 -133.42497,58.45151 -133.44457,58.39431 -133.46147,58.38552 -133.45442,58.37785 -133.44491,58.36863 -133.43628,58.36025 -133.43603,58.36001 -133.43064,58.35479 -133.42757,58.35181 -133.42414,58.34847 -133.42253,58.34691 -133.41218,58.33685 -133.40331,58.32819 -133.3706,58.2958 -133.35965,58.28477 -133.3357,58.26514 -133.33505,58.26467 -133.32043,58.25433 -133.31571,58.25099 -133.31513,58.25058 -133.30644,58.24464 -133.29272,58.23527 -133.28819,58.23218 -133.28493,58.22991 -133.28441,58.22954 -133.28389,58.22918 -133.27927,58.22597 -133.27896,58.22575 -133.27864,58.22553 -133.27549,58.22333 -133.27516,58.2231 -133.27482,58.22287 -133.27101,58.22022 -133.27061,58.21994 -133.27022,58.21966 -133.26833,58.21835 -133.26273,58.21445 -133.26051,58.2129 -133.25712,58.21054 -133.24293,58.20066 -133.24068,58.19905 -133.2229,58.18637 -133.22275,58.18624 -133.2223,58.18586 -133.22215,58.18573 -133.22195,58.18555 -133.22176,58.18539 -133.22043,58.18425 -133.22002,58.18389 -133.21509,58.18001 -133.21331,58.1786 -133.20578,58.17311 -133.20406,58.17185 -133.19571,58.16548 -133.19153,58.1623 -133.18363,58.15608 -133.18122,58.15418 -133.17644,58.15015 -133.43802,57.97636 -133.59629,57.86476
Kenai Peninsula,-148.58616,60.00022 -148.58525,59.99819 -148.58321,59.97235 -148.61884,59.95401 -148.66204,59.94588 -148.67382,59.94483 -148.71761,59.93752 -149.05549,59.88116 -149.26962,59.84542 -149.27999,59.83957 -149.34647,59.80206 -149.3851,59.78026 -149.4675,59.73377 -149.4905,59.70293 -149.51701,59.66737 -149.55847,59.61177 -149.56081,59.60863 -149.56554,59.60228 -149.56859,59.5982 -149.62127,59.52754 -149.6213,59.52752 -149.72605,59.5 -149.73604,59.49738 -149.76648,59.48938 -149.8069,59.47876 -149.95987,59.43858 -150.00211,59.42748 -150.00212,59.42748 -150.27144,59.35769 -150.41894,59.31862 -150.45646,59.30869 -150.4872,59.30285 -150.51156,59.29708 -150.53196,59.29285 -150.5507,59.28726 -150.57278,59.2823 -150.59124,59.27908 -150.71097,59.25022 -150.71213,59.25 -150.7321,59.24613 -150.74664,59.24332 -150.75207,59.24227 -150.76961,59.23887 -150.78354,59.23463 -150.80106,59.23182 -150.99219,59.18084 -151.01185,59.17772 -151.25529,59.13776 -151.26951,59.13447 -151.28295,59.13135 -151.31615,59.12534 -151.37472,59.11067 -151.44417,59.09969 -151.49114,59.09586 -151.52636,59.09452 -151.54996,59.09362 -151.67934,59.08647 -151.77312,59.08175 -151.79262,59.08077 -151.824,59.0792 -151.85538,59.07762 -151.87767,59.07618 -151.89996,59.07474 -152.07849,59.06323 -152.27193,59.05076 -152.64391,59.02678 -152.74781,59.02008 -152.80741,59.01623 -152.97092,59.00569 -152.98061,59.00507 -153.00969,59.00319 -153.01938,59.00257 -153.02118,59.00245 -153.02531,59.0 -153.04838,58.9863 -153.09434,58.95901 -153.13462,58.9351 -153.16337,58.91803 -153.16751,58.91557 -153.17994,58.90819 -153.18409,58.90573 -153.30945,58.85348 -153.34742,58.85551 -153.3684,58.85555 -153.37263,58.85555 -153.39248,58.85559 -153.41516,58.85561 -153.4548,58.84296 -153.45401,58.81016 -153.45299,58.76772 -153.47897,58.73473 -153.61847,58.73454 -153.69356,58.73443 -153.76786,58.73432 -153.80124,58.73428 -153.8164,58.72492 -153.81619,58.71281 -153.81609,58.70675 -153.81595,58.69868 -153.81523,58.65729 -153.88106,58.64659 -153.95046,58.64594 -153.97578,58.64568 -153.98019,58.64557 -154.0333,58.64646 -154.28408,58.64682 -154.30593,58.64682 -154.36322,58.64682 -154.69726,58.88363 -154.69247,59.04544 -154.74598,59.12956 -154.74712,59.22776 -154.65951,59.2535 -154.40932,59.25464 -154.41377,59.40273 -154.3815,59.42898 -154.12413,59.48676 -154.11323,59.51956 -153.95542,59.60852 -153.90887,59.69613 -153.78298,59.77647 -153.65633,59.87546 -153.65828,59.98851 -153.65861,60.06648 -153.58098,60.1221 -153.53024,60.23955 -153.5299,60.28451 -153.52912,60.38729 -153.49964,60.47097 -153.39369,60.52004 -153.39333,60.63266 -153.39493,60.81328 -153.43618,60.90466 -153.43619,60.90854 -153.4362,60.90975 -153.43628,60.93684 -153.43599,60.96102 -153.43446,61.00437 -153.43412,61.01543 -153.43375,61.02731 -153.4331,61.04822 -153.43279,61.05832 -153.43138,61.104 -153.43098,61.11698 -153.47482,61.13687 -153.47701,61.20503 -153.47715,61.21399 -153.47762,61.24284 -153.47864,61.31462 -153.47853,61.35198 -153.47845,61.36156 -153.47738,61.36964 -153.47434,61.39285 -153.46983,61.42731 -153.42345,61.42772 -153.38937,61.42737 -153.36002,61.42707 -153.28013,61.42625 -153.14312,61.42619 -153.02372,61.42579 -153.00218,61.42569 -152.99972,61.42569 -152.78664,61.42573 -152.58999,61.42577 -152.47726,61.42579 -152.34214,61.42582 -152.1752,61.42586 -152.09556,61.42587 -152.01381,61.42589 -151.79975,61.42594 -151.72453,61.42595 -151.66214,61.42597 -151.52321,61.42581 -151.39566,61.425 -151.33326,61.40169 -151.33385,61.34236 -151.33298,61.25463 -151.29974,61.25415 -151.22658,61.25405 -150.98872,61.25324 -150.97463,61.25344 -150.97313,61.24621 -150.97276,61.23544 -150.97247,61.22937 -150.97224,61.21161 -150.77545,61.07798 -150.42344,61.16648 -150.42061,61.1672 -150.39731,61.15527 -150.30343,61.10724 -150.22632,61.07503 -150.02584,61.06843 -149.99996,61.06229 -149.96745,61.05405 -149.84922,61.02407 -149.78896,61.00879 -149.7521,60.99944 -149.73253,60.99356 -149.67098,60.97476 -149.4705,60.92803 -149.41778,60.91696 -149.32648,60.90699 -149.18141,60.90377 -149.09001,60.88191 -149.0529,60.86389 -149.03837,60.83732 -149.04223,60.75128 -149.03937,60.73454 -149.02983,60.73385 -148.98942,60.73379 -148.87174,60.73382 -148.83469,60.73382 -148.8044,60.73384 -148.74763,60.73388 -148.74558,60.73388 -148.72595,60.73402 -148.67755,60.73438 -148.65425,60.70537 -148.65594,60.68377 -148.65598,60.67848 -148.65634,60.64929 -148.65627,60.62242 -148.65615,60.57687 -148.65608,60.54892 -148.65592,60.49697 -148.66546,60.44908 -148.65389,60.423 -148.58112,60.42268 -148.56288,60.34837 -148.56381,60.21399 -148.57075,60.09621 -148.58703,60.05273 -148.58655,60.01262 -148.5864,60.00042
Ketchikan Gateway,-130.35816,55.92418 -130.3374,55.91053 -130.31255,55.90901 -130.29299,55.89086 -130.2935,55.87014 -130.28907,55.85442 -130.27164,55.84445 -130.2434,55.82239 -130.21244,55.81131 -130.19358,55.79327 -130.17025,55.77716 -130.15065,55.76154 -130.15006,55.7271 -130.13727,55.70622 -130.1191,55.68921 -130.11233,55.67676 -130.11746,55.64054 -130.12674,55.58128 -130.11031,55.54507 -130.09559,55.5112 -130.08541,55.49152 -130.0443,55.45197 -130.03678,55.41051 -130.03018,55.3677 -130.01569,55.33202 -129.9919,55.31166 -129.98049,55.29633 -129.97951,55.28672 -129.98085,55.2835 -129.98538,55.27776 -130.00173,55.26456 -130.01731,55.25473 -130.04366,55.23554 -130.06972,55.21701 -130.09655,55.19795 -130.11892,55.17607 -130.14472,55.14604 -130.15291,55.12454 -130.16929,55.10542 -130.18237,55.07939 -130.18754,55.06466 -130.20214,55.04908 -130.22151,55.02599 -130.23229,55.0156 -130.24795,55.00234 -130.27556,54.97293 -130.30802,54.94758 -130.35054,54.91499 -130.4746,54.8381 -130.51342,54.81875 -130.59462,54.78589 -130.61711,54.78155 -130.64684,54.77046 -130.65182,54.75733 -130.62807,54.73934 -130.62665,54.73671 -130.62884,54.72641 -130.62872,54.72316 -130.65027,54.70487 -130.72131,54.70362 -130.82128,54.70184 -130.87828,54.70084 -130.92333,54.70013 -130.99105,54.69907 -131.21685,54.69554 -131.60125,54.68952 -131.75107,54.68704 -131.58212,54.99122 -131.52338,55.01045 -131.41857,55.00122 -131.34659,55.02413 -131.33603,55.0701 -131.33772,55.13729 -131.31396,55.15783 -131.30285,55.19154 -131.35575,55.20308 -131.39911,55.22124 -131.47561,55.26834 -131.55937,55.29589 -131.59119,55.2909 -131.62201,55.26543 -131.62557,55.23794 -131.60394,55.19425 -131.62857,55.14849 -131.6489,55.12977 -131.61722,55.12485 -131.7832,55.10068 -132.03312,55.43147 -132.11152,55.49116 -132.2027,55.54711 -132.24478,55.58146 -132.22301,55.63731 -132.20209,55.63892 -132.20196,55.63891 -132.07006,55.70911 -131.98207,55.72681 -131.94638,55.80791 -131.97518,55.88193 -131.92317,55.91703 -131.87163,55.95109 -131.8877,55.99074 -131.86339,56.0312 -131.83047,56.05554 -131.72566,56.06336 -131.67397,56.07722 -131.6534,56.10385 -131.59198,56.07492 -131.5298,56.0378 -131.46101,56.02297 -131.36441,56.01685 -131.40445,56.08968 -131.41166,56.13886 -131.3148,56.1893 -131.24987,56.1899 -131.14756,56.19668 -131.03934,56.2439 -131.03147,56.28388 -131.09132,56.33323 -131.08746,56.40737 -131.0857,56.40654 -131.06743,56.4038 -131.02397,56.39884 -131.01312,56.39755 -130.91158,56.38424 -130.88142,56.38029 -130.83146,56.37435 -130.79466,56.3693 -130.77009,56.3603 -130.7435,56.34456 -130.74046,56.34285 -130.72074,56.33018 -130.64579,56.28202 -130.6443,56.28109 -130.62249,56.26794 -130.60414,56.26378 -130.58919,56.26039 -130.54117,56.24802 -130.53206,56.24701 -130.5248,56.2462 -130.51753,56.2454 -130.51121,56.2447 -130.50272,56.24376 -130.49423,56.24282 -130.47166,56.24032 -130.46844,56.23996 -130.46687,56.23979 -130.46587,56.23743 -130.44969,56.19879 -130.43263,56.15767 -130.42954,56.15023 -130.42645,56.14279 -130.42564,56.14083 -130.42558,56.14068 -130.42401,56.14042 -130.42304,56.14025 -130.42272,56.1402 -130.42242,56.14015 -130.42121,56.13995 -130.39761,56.13602 -130.36072,56.12988 -130.35107,56.12834 -130.34932,56.12806 -130.34845,56.12792 -130.34772,56.1278 -130.34371,56.12716 -130.26711,56.08932 -130.28376,56.06499 -130.28367,56.0414 -130.25099,56.02707 -130.23858,56.0097 -130.22176,55.99858 -130.24775,55.99544 -130.27026,55.98807 -130.29911,55.99524 -130.32435,55.97342 -130.34206,55.96899 -130.37208,55.9618 -130.38511,55.94821 -130.37482,55.93845 -130.35934,55.92463
Kodiak Island,-154.10589,57.78857 -153.94452,57.89234 -153.78662,57.91771 -153.54839,58.0046 -153.4967,58.02775 -153.43981,58.12419 -153.32362,58.19137 -153.22129,58.25726 -152.94079,58.45762 -152.86175,58.52005 -152.77512,58.54941 -152.73294,58.62244 -152.61649,58.68994 -152.54557,58.74245 -152.43454,58.75078 -152.3848,58.69042 -152.24771,58.68073 -152.18932,58.62025 -152.15366,58.57335 -152.06183,58.51075 -152.14436,58.45771 -152.12635,58.44959 -151.99926,58.40775 -151.85453,58.39145 -151.70403,58.35734 -151.74009,58.29737 -151.70142,58.22251 -151.74716,58.14709 -151.86105,58.1106 -151.95462,58.14128 -152.03352,58.11178 -152.2704,58.06928 -152.34495,58.048 -152.41362,58.05818 -152.40183,58.03068 -152.34015,58.0057 -152.31735,57.98071 -152.26209,57.96875 -152.22021,57.93022 -152.2559,57.86929 -152.18238,57.84995 -152.12409,57.81172 -152.07474,57.68172 -152.04513,57.61051 -152.09626,57.55255 -152.19946,57.48923 -152.18237,57.4248 -152.18634,57.35318 -152.31492,57.31858 -152.40361,57.36647 -152.42495,57.38104 -152.52876,57.32733 -152.64272,57.23537 -152.77291,57.2198 -152.80927,57.20689 -152.77437,57.16056 -152.8549,57.08661 -152.98399,57.06645 -153.09829,57.04031 -153.13135,56.99685 -153.19497,56.9558 -153.27431,56.94273 -153.37758,56.94829 -153.4448,56.96784 -153.46284,56.94774 -153.45095,56.90034 -153.51411,56.85369 -153.61295,56.83352 -153.7425,56.77587 -153.76979,56.71181 -153.86564,56.67431 -153.91992,56.64254 -153.9833,56.62028 -153.90513,56.61158 -153.7909,56.6101 -153.78395,56.53166 -153.88892,56.47063 -153.96692,56.45296 -154.08145,56.45196 -154.23361,56.44347 -154.37834,56.44609 -154.60633,56.40464 -154.81796,56.36617 -154.89481,56.43457 -154.81828,56.51615 -154.64874,56.60985 -154.47119,56.65568 -154.35211,56.63254 -154.23865,56.67961 -154.38552,56.83027 -154.57748,56.95277 -154.60113,57.03638 -154.73151,57.21482 -154.91403,57.26673 -154.91446,57.34244 -154.8154,57.41279 -154.75278,57.48718 -154.63803,57.56816 -154.5374,57.62508 -154.40701,57.69052 -154.12842,57.77066
Lake and Peninsula,-157.01195,58.88865 -157.13989,58.86154 -157.15801,58.86023 -157.15809,58.86492 -157.15926,58.93385 -157.15996,58.97849 -157.2424,59.12234 -157.24353,59.20204 -157.21777,59.24586 -157.07419,59.2444 -157.07362,59.29762 -156.93329,59.33042 -156.82449,59.32956 -156.73052,59.37481 -156.71883,59.41603 -156.63494,59.42638 -156.5729,59.50368 -156.50131,59.50326 -156.46481,59.55668 -156.30611,59.58882 -156.12315,59.59907 -155.9585,59.68333 -155.95497,59.81353 -155.95377,60.01926 -155.95452,60.18386 -155.95668,60.37152 -155.95881,60.55696 -155.96126,60.89723 -155.9611,60.9076 -155.95962,60.9076 -155.86972,60.90763 -155.66051,60.90765 -155.60597,60.90766 -155.45876,60.90771 -155.38721,60.90774 -155.15564,60.90783 -155.0299,60.90787 -154.92791,60.90791 -154.79435,60.90792 -154.78419,60.90791 -154.5963,60.90774 -154.52299,60.90767 -154.50678,60.90765 -154.39202,60.90709 -154.3451,60.90724 -154.27543,60.90734 -154.11762,60.90756 -153.99337,60.90774 -153.86385,60.90792 -153.63481,60.90825 -153.55978,60.90836 -153.5429,60.90839 -153.50414,60.90844 -153.45912,60.9085 -153.43723,60.90854 -153.43619,60.90854 -153.43618,60.90466 -153.39493,60.81328 -153.39333,60.63266 -153.39369,60.52004 -153.49964,60.47097 -153.52912,60.38729 -153.5299,60.28451 -153.53024,60.23955 -153.58098,60.1221 -153.65861,60.06648 -153.65828,59.98851 -153.65633,59.87546 -153.78298,59.77647 -153.90887,59.69613 -153.95542,59.60852 -154.11323,59.51956 -154.12413,59.48676 -154.3815,59.42898 -154.41377,59.40273 -154.40932,59.25464 -154.65951,59.2535 -154.74712,59.22776 -154.74598,59.12956 -154.69247,59.04544 -154.69726,58.88363 -154.36322,58.64682 -154.30593,58.64682 -154.30704,58.62016 -154.30387,58.47306 -154.43249,58.40282 -154.48546,58.36125 -154.58741,58.33303 -154.80075,58.30476 -154.92087,58.29068 -155.05848,58.2649 -155.22146,58.23625 -155.27972,58.19324 -155.29365,58.10843 -155.33192,57.97815 -155.44623,57.83178 -155.69377,57.79799 -155.76205,57.69745 -155.89881,57.63304 -155.8971,57.57365 -156.01127,57.5898 -156.1028,57.53931 -156.41807,57.47836 -156.60245,57.33473 -156.67284,57.23775 -156.75291,57.23562 -156.61645,57.15873 -156.46892,57.15587 -156.35897,57.03718 -156.35864,56.9942 -156.35764,56.86524 -156.35731,56.82226 -156.4144,56.78613 -156.43497,56.77311 -156.47149,56.75 -156.57012,56.68759 -156.66794,56.62568 -156.66874,56.62517 -156.70648,56.60129 -156.74545,56.57631 -156.75663,56.56941 -156.79018,56.5487 -156.80137,56.5418 -156.81213,56.53513 -156.84441,56.51512 -156.85517,56.50846 -156.86211,56.50423 -156.86904,56.5 -156.88416,56.49078 -156.93457,56.46005 -156.97111,56.43777 -157.0001,56.4201 -157.03155,56.40039 -157.12589,56.34128 -157.15734,56.32158 -157.19834,56.29576 -157.32134,56.21831 -157.36234,56.19249 -157.40359,56.16618 -157.52734,56.08725 -157.56859,56.06094 -157.59724,56.04264 -157.68321,55.98772 -157.71187,55.96942 -157.72897,55.95865 -157.78026,55.92634 -157.79736,55.91558 -157.85651,55.87872 -157.96444,55.81204 -158.03065,55.76957 -158.23744,55.63499 -158.8131,55.63212 -158.9797,55.63034 -159.15369,55.63046 -159.22805,55.63071 -159.27404,55.63034 -159.412,55.62924 -159.45799,55.62887 -159.5644,55.65336 -159.5644,55.73038 -159.56432,55.85352 -159.66409,55.88848 -159.79833,55.88848 -159.86808,55.89557 -159.84439,55.98259 -159.80753,56.03811 -159.80909,56.0599 -159.81285,56.11247 -159.81368,56.15016 -159.81071,56.2875 -159.90008,56.46583 -159.78754,56.49198 -159.6049,56.49452 -159.58072,56.58092 -159.27549,56.59569 -159.27549,56.64992 -159.25004,56.67176 -159.22433,56.67176 -159.06834,56.6699 -158.96417,56.75406 -158.89106,56.75597 -158.89253,56.79275 -158.8934,56.94511 -158.89095,56.94945 -158.88361,56.96247 -158.88116,56.96681 -158.878,56.97287 -158.87455,56.97947 -158.86912,56.99135 -158.86628,56.99756 -158.85263,57.01805 -158.83898,57.03854 -158.80145,57.09486 -158.66766,57.29565 -158.61451,57.39138 -158.55774,57.4936 -158.53898,57.51956 -158.5296,57.53514 -158.51084,57.58447 -158.4874,57.61563 -158.47333,57.65976 -158.45457,57.69352 -158.43581,57.74804 -158.41236,57.79218 -158.28115,58.04425 -158.20796,58.19224 -158.19234,58.23632 -158.1689,58.27306 -158.165,58.2867 -158.15914,58.29929 -158.14156,58.32134 -158.13961,58.32553 -158.13766,58.33288 -158.08992,58.42419 -158.06281,58.48552 -158.0015,58.60993 -157.26759,58.60979 -157.21089,58.60983 -157.08342,58.60991 -157.04045,58.6099 -156.95455,58.60986 -156.85851,58.60974 -156.80785,58.60972 -156.73281,58.60971 -156.68267,58.60968 -156.61996,58.60967 -156.52725,58.60965 -156.31767,58.60961 -156.31794,58.64922 -156.31829,58.72677 -156.31745,58.80926 -156.31811,58.89303 -156.49135,58.8923 -156.64793,58.8906 -156.67724,58.89026 -156.74154,58.8895 -156.7991,58.88879 -156.87733,58.88777 -156.91523,58.88745 -157.01091,58.88865
Matanuska-Susitna,-152.09556,61.42587 -152.1752,61.42586 -152.34214,61.42582 -152.47726,61.42579 -152.58999,61.42577 -152.78664,61.42573 -152.99972,61.42569 -153.00218,61.42569 -153.00218,61.42792 -153.00218,61.45216 -153.00219,61.51662 -153.00219,61.5297 -153.00219,61.56061 -153.00219,61.57096 -153.0141,61.5854 -153.00512,61.60082 -153.0022,61.62439 -153.00221,61.69431 -153.00221,61.72818 -153.00221,61.75503 -153.00221,61.78347 -153.00222,61.80966 -153.00223,61.85109 -153.00223,61.9244 -153.00224,61.99581 -153.00293,62.01736 -153.00511,62.07409 -153.00123,62.11625 -153.00105,62.14519 -153.00117,62.1699 -153.00119,62.19414 -153.00121,62.21337 -153.00127,62.26257 -153.00127,62.29196 -153.00126,62.29533 -153.00112,62.30523 -153.00102,62.31304 -153.00058,62.34485 -153.00064,62.35258 -153.00093,62.38203 -153.00096,62.38685 -153.00113,62.41543 -153.00121,62.42971 -153.00127,62.43986 -153.00135,62.45403 -153.0015,62.47791 -153.00157,62.48904 -153.00171,62.51113 -153.00184,62.53351 -153.00188,62.54122 -153.0019,62.54463 -153.00192,62.54682 -153.00212,62.58085 -153.00214,62.58274 -153.00246,62.63565 -153.00247,62.63723 -153.00245,62.63947 -153.00227,62.65607 -153.00216,62.66622 -153.0017,62.70953 -153.00151,62.72744 -153.00134,62.72744 -152.98924,62.72731 -152.62636,62.72413 -152.24719,62.72285 -152.1029,62.72238 -151.88936,62.78842 -151.32895,62.92387 -151.01147,62.99672 -150.91202,63.01896 -150.5571,63.09854 -150.33747,63.14779 -150.12062,63.19583 -149.94824,63.23346 -149.60443,63.31039 -149.36501,63.33266 -149.1917,63.33317 -149.1546,63.33351 -149.07161,63.3331 -148.72258,63.33551 -148.24053,63.3312 -148.16712,63.33097 -148.03587,63.33079 -148.03269,63.46425 -147.81154,63.47253 -147.68412,63.47216 -147.30634,63.4763 -146.91011,63.48007 -146.90723,63.48008 -146.90154,63.48015 -146.87355,63.48029 -146.84253,63.48039 -146.78184,63.48069 -146.75344,63.48084 -146.75134,63.48085 -146.73137,63.48094 -146.68935,63.48114 -146.65188,63.48133 -146.6108,63.48169 -146.48954,63.48291 -146.48954,63.48245 -146.48954,63.48156 -146.48954,63.47804 -146.48953,63.46821 -146.4895,63.45302 -146.48947,63.43621 -146.48942,63.39895 -146.48941,63.39514 -146.48937,63.36815 -146.48935,63.35534 -146.48932,63.34001 -146.4893,63.32933 -146.4892,63.26885 -146.4892,63.2679 -146.48418,63.17392 -146.48412,63.17332 -146.47961,63.12916 -146.4803,62.9883 -146.44038,62.92945 -146.43217,62.79483 -146.43578,62.67601 -146.43649,62.61656 -146.4371,62.56865 -146.43775,62.53833 -146.4257,62.46066 -146.42638,62.37704 -146.42624,62.32977 -146.42631,62.26454 -146.54211,62.24804 -146.6792,62.24934 -146.96051,62.0592 -146.95842,61.93737 -146.9586,61.91854 -146.94103,61.7724 -146.94401,61.5691 -147.11408,61.47518 -147.20592,61.44163 -147.55281,61.42665 -147.83938,61.42722 -147.95942,61.42699 -148.11843,61.42668 -148.45422,61.42695 -148.46001,61.42697 -148.46457,61.42704 -148.60276,61.42692 -148.66258,61.42701 -148.71426,61.42717 -148.88782,61.42669 -149.09852,61.42479 -149.13936,61.42496 -149.18745,61.42591 -149.21702,61.45464 -149.23774,61.4701 -149.2376,61.48227 -149.24364,61.48322 -149.25215,61.4836 -149.27058,61.48387 -149.35989,61.48383 -149.39606,61.47592 -149.45057,61.46379 -149.49913,61.45331 -149.57343,61.43693 -149.70222,61.40858 -149.83793,61.33668 -149.89789,61.26704 -149.95007,61.24185 -149.96656,61.23396 -150.19478,61.20143 -150.3914,61.17162 -150.42061,61.1672 -150.42344,61.16648 -150.77545,61.07798 -150.97224,61.21161 -150.97247,61.22937 -150.97276,61.23544 -150.97313,61.24621 -150.97463,61.25344 -150.98872,61.25324 -151.22658,61.25405 -151.29974,61.25415 -151.33298,61.25463 -151.33385,61.34236 -151.33326,61.40169 -151.39566,61.425 -151.52321,61.42581 -151.66214,61.42597 -151.72453,61.42595 -151.79975,61.42594 -152.01381,61.42589
Nome,-168.75899,65.67346 -168.73493,65.6743 -168.72309,65.67371 -168.71059,65.67314 -168.6977,65.6697 -168.67763,65.66415 -168.66603,65.65983 -168.6533,65.6521 -168.65122,65.65045 -168.63791,65.63986 -168.62852,65.62578 -168.62681,65.61237 -168.63368,65.60136 -168.65231,65.59094 -168.67347,65.58417 -168.71434,65.57553 -168.73316,65.57224 -168.74818,65.57133 -168.7661,65.57148 -168.78996,65.57495 -168.80835,65.57853 -168.82914,65.58461 -168.84605,65.59251 -168.85615,65.60086 -168.86592,65.60692 -168.86954,65.61313 -168.86923,65.62085 -168.86493,65.62982 -168.86061,65.6355 -168.85674,65.6406 -168.84119,65.65298 -168.82007,65.66519 -168.79462,65.67122
North Slope,-145.9959,68.15449 -146.6639,68.00117 -146.95816,68.00112 -147.66939,68.00258 -148.5396,68.00399 -149.50375,68.00201 -149.77888,68.00091 -150.50717,68.0037 -151.14082,68.00462 -151.60457,68.00686 -152.11708,68.00311 -153.12948,68.00417 -153.75478,68.00535 -154.51223,68.00448 -154.78608,68.00406 -155.29802,68.00177 -155.29901,68.02994 -155.30995,68.02991 -155.73109,68.02881 -156.23672,68.03899 -156.27827,68.13025 -156.50001,68.12833 -156.78436,68.12588 -157.14564,68.12067 -157.31878,68.21171 -158.25013,68.21274 -159.06054,68.21359 -159.71102,68.21678 -159.87351,68.28492 -160.12089,68.23838 -160.49206,68.22199 -160.93571,68.22118 -161.20518,68.28904 -161.51781,68.24974 -161.99407,68.25186 -162.30834,68.2956 -162.72022,68.26731 -163.05401,68.2287 -163.74896,68.2272 -164.31904,68.22725 -164.49424,68.03571 -164.9305,68.02461 -165.56749,68.03191 -165.99707,68.07283 -166.19769,68.18687 -166.76226,68.29222 -166.97991,68.31363 -166.8558,68.38648 -166.77596,68.41338 -166.57321,68.44417 -166.43332,68.5275 -166.34216,68.68083 -166.3235,68.78778 -166.33048,68.9108 -166.14127,68.93086 -165.72119,68.91707 -165.34688,68.91923 -165.0406,68.94151 -164.4,68.97174 -163.91221,69.0762 -163.65454,69.17298 -163.37168,69.32446 -163.28521,69.44442 -163.2943,69.59592 -163.26425,69.67138 -163.1076,69.85713 -162.66113,70.11636 -161.68399,70.3648 -159.95306,70.74949 -159.17584,70.92908 -158.84662,70.95655 -158.71007,70.96182 -158.58948,70.94111 -158.52179,70.89775 -158.29476,70.87027 -158.06464,70.88131 -157.79601,70.93092 -157.58659,70.98883 -157.45725,71.0412 -157.15687,71.20234 -156.94534,71.31199 -156.6313,71.40344 -156.32127,71.42186 -156.15475,71.39121 -155.76701,71.2892 -155.56055,71.28014 -155.22568,71.23005 -154.85891,71.17273 -154.37245,71.01047 -153.80152,70.93969 -153.12296,70.9789 -152.8227,70.97484 -152.51659,70.94539 -152.19952,70.89878 -151.61557,70.59709 -151.44406,70.48008 -151.12831,70.49794 -150.89001,70.5333 -150.66442,70.55334 -150.38514,70.56257 -150.2529,70.6093 -149.9987,70.59988 -149.77628,70.61634 -149.39679,70.60493 -149.14525,70.57434 -148.85463,70.52977 -148.6015,70.47275 -148.51475,70.48817 -148.3088,70.53133 -148.10226,70.52024 -147.86611,70.53105 -147.76914,70.47211 -147.60207,70.43881 -147.34933,70.42396 -147.17012,70.359 -147.00715,70.35694 -146.59343,70.28796 -146.03917,70.24979 -145.57455,70.14614 -145.18648,70.09172 -144.86703,70.04281 -144.6,70.05433 -144.30988,70.10473 -144.02678,70.15611 -143.83248,70.18019 -143.62801,70.20511 -143.52582,70.20136 -143.29718,70.20166 -143.05027,70.15983 -142.8,70.10628 -142.34951,69.99446 -142.23979,69.95474 -141.8592,69.86447 -141.07049,69.71606 -141.00269,69.64887 -141.00266,69.55406 -141.00267,69.36722 -141.00268,69.16812 -141.00269,68.94549 -141.00268,68.82526 -141.00273,68.65651 -141.00269,68.63951 -141.00269,68.51863 -141.24625,68.49825 -141.90868,68.49326 -142.40285,68.48977 -143.27035,68.49669 -144.05504,68.50454 -144.61388,68.50497 -145.08095,68.50248 -145.40852,68.49944 -145.93451,68.49057 -145.99867,68.40937 -145.99587,68.15683
Northwest Arctic,-155.29901,68.02994 -155.29802,68.00177 -155.29841,67.99756 -155.35261,67.79227 -154.83717,67.60188 -154.74865,67.27256 -154.27549,67.16096 -154.13809,67.02678 -154.1375,66.89919 -154.20189,66.7536 -154.47411,66.71695 -154.86377,66.65317 -155.35726,66.5689 -155.55763,66.39999 -155.98154,66.39803 -156.62438,66.47247 -156.96282,66.30265 -157.33538,66.4769 -157.37878,66.4762 -157.579,66.47628 -157.84043,66.47698 -157.89151,66.40742 -157.89269,66.28149 -158.5243,66.12425 -158.96586,66.03223 -159.08858,65.95785 -159.59951,65.78803 -159.59321,65.52896 -159.59358,65.52269 -159.60292,65.52277 -159.80439,65.43586 -160.23597,65.43776 -160.73735,65.4394 -161.02261,65.43929 -161.66978,65.4384 -162.27092,65.43826 -162.82495,65.43699 -162.98053,65.43889 -163.14836,65.43814 -163.49854,65.43707 -163.75842,65.59657 -163.8427,65.60787 -163.97067,65.64524 -163.97157,65.70597 -164.05895,65.78253 -164.24646,65.88144 -164.24453,66.07321 -164.31921,66.19273 -164.32106,66.21007 -164.32072,66.27693 -164.32042,66.33571 -164.32003,66.41193 -164.33178,66.47602 -164.39694,66.57155 -164.46353,66.6263 -164.4243,66.63022 -164.35458,66.63318 -164.27431,66.63686 -164.14061,66.64014 -164.0271,66.64218 -163.91789,66.64265 -163.82998,66.64181 -163.80509,66.64129 -163.79476,66.6408 -163.75611,66.63897 -163.71209,66.63575 -163.6897,66.63321 -163.66745,66.63069 -163.63945,66.62668 -163.62621,66.62417 -163.52034,66.66514 -163.40354,66.71032 -163.20324,66.7822 -163.04527,66.84456 -162.97842,66.87095 -162.89309,66.89974 -162.853,66.91698 -162.83936,66.92309 -162.83408,66.92577 -162.83315,66.92624 -162.83222,66.92672 -162.8322,66.92673 -162.83213,66.92676 -162.83211,66.92677 -162.83206,66.92679 -162.83203,66.92681 -162.83213,66.92684 -162.83218,66.92686 -162.84794,66.93161 -162.86016,66.93839 -162.86603,66.94251 -162.86773,66.9437 -162.87685,66.94783 -162.92301,66.95718 -162.95277,66.96425 -162.97519,66.96969 -162.97965,66.97077 -163.0,66.97576 -163.00198,66.97625 -163.01179,66.97838 -163.03039,66.98244 -163.03917,66.98436 -163.04947,66.98661 -163.06897,66.98936 -163.08936,66.99024 -163.10617,66.99198 -163.12005,66.9938 -163.12257,66.99406 -163.1299,66.99484 -163.1499,67.0 -163.27143,67.01652 -163.34053,67.02591 -163.40435,67.02975 -163.48771,67.03866 -163.61768,67.04873 -163.63759,67.05128 -163.72292,67.06222 -163.75925,67.0669 -163.78152,67.06976 -163.86598,67.09248 -163.91138,67.10469 -163.96939,67.13607 -163.99123,67.14788 -164.00272,67.17255 -163.97283,67.19134 -163.96246,67.1967 -163.92441,67.20751 -163.89574,67.21372 -163.88253,67.21498 -163.90089,67.24552 -163.90565,67.25344 -163.94041,67.3052 -163.9511,67.32111 -163.96178,67.33702 -163.96275,67.33846 -164.0,67.3914 -164.00451,67.39781 -164.03874,67.42738 -164.11666,67.49997 -164.1167,67.5 -164.17543,67.5476 -164.23031,67.57505 -164.28127,67.59167 -164.33085,67.6037 -164.39534,67.6206 -164.49036,67.64714 -164.54901,67.66199 -164.65522,67.69245 -164.66492,67.69822 -164.76755,67.7417 -165.01009,67.83201 -165.20618,67.90502 -165.49945,68.01878 -165.49952,68.01878 -165.5164,68.02362 -165.54535,68.02893 -164.9305,68.02461 -164.49424,68.03571 -164.31904,68.22725 -163.74896,68.2272 -163.05401,68.2287 -162.72022,68.26731 -162.30834,68.2956 -161.99407,68.25186 -161.51781,68.24974 -161.20518,68.28904 -160.93571,68.22118 -160.49206,68.22199 -160.12089,68.23838 -159.87351,68.28492 -159.71102,68.21678 -159.06054,68.21359 -158.25013,68.21274 -157.31878,68.21171 -157.14564,68.12067 -156.78436,68.12588 -156.50001,68.12833 -156.27827,68.13025 -156.23672,68.03899 -155.73109,68.02881 -155.30995,68.02991
Petersburg,-133.11656,56.3914 -133.1691,56.3551 -133.171,56.35553 -133.25584,56.37131 -133.46553,56.38907 -133.57703,56.3897 -133.66379,56.37131 -133.69544,56.35868 -133.72887,56.3344 -133.77221,56.27543 -133.77609,56.24182 -133.77812,56.22951 -133.79452,56.14626 -133.79747,56.1313 -133.80949,56.10057 -133.81548,56.08709 -133.81964,56.08151 -133.84086,56.05308 -133.86242,56.02419 -133.87802,56.00916 -133.92426,55.9809 -133.98287,55.94257 -134.00431,55.92173 -134.01334,55.91073 -134.02429,55.89517 -134.02447,55.89495 -134.02501,55.89432 -134.02698,55.892 -134.0351,55.88274 -134.04109,55.87071 -134.04661,55.85048 -134.05617,55.83923 -134.07527,55.81778 -134.12452,55.76504 -134.16362,55.72187 -134.19203,55.69305 -134.29759,55.72064 -134.38591,55.74007 -134.47294,55.76718 -134.50306,55.77727 -134.55545,55.79843 -134.57807,55.80814 -134.60231,55.82251 -134.61313,55.83072 -134.62905,55.84359 -134.64127,55.85795 -134.64568,55.87147 -134.63848,55.88915 -134.62213,55.9087 -134.60156,55.92292 -134.58083,55.93078 -134.56055,55.93697 -134.54342,55.94302 -134.54068,55.94383 -134.53692,55.94493 -134.52497,55.94857 -134.5125,55.95594 -134.50291,55.96346 -134.49654,55.9699 -134.49304,55.97747 -134.49234,55.98 -134.49068,55.98596 -134.49029,55.99267 -134.49185,55.99703 -134.49417,55.99964 -134.50189,56.00536 -134.52506,56.02254 -134.53279,56.02827 -134.55466,56.04758 -134.62027,56.10553 -134.64214,56.12485 -134.64304,56.12586 -134.64395,56.12687 -134.64475,56.12777 -134.64655,56.12939 -134.6522,56.13447 -134.66089,56.14188 -134.66123,56.14217 -134.66638,56.14502 -134.66646,56.15981 -134.66663,56.16741 -134.66663,56.16744 -134.66663,56.16748 -134.66665,56.16819 -134.66664,56.16984 -134.66667,56.19453 -134.66671,56.21392 -134.66665,56.21994 -134.66664,56.22027 -134.66662,56.22199 -134.66624,56.25403 -134.66596,56.27832 -134.66593,56.28472 -134.62072,56.28523 -134.53037,56.28412 -134.49718,56.28379 -134.43687,56.32267 -134.44163,56.37113 -134.46883,56.51492 -134.47241,56.53535 -134.50077,56.6703 -134.51616,56.7415 -134.51845,56.74893 -134.54569,56.83618 -134.56759,56.86397 -134.38179,56.94412 -134.18822,57.0701 -133.96615,57.1589 -133.79495,57.15194 -133.60379,57.16807 -133.51719,57.17777 -133.445,57.20017 -133.44219,57.20061 -133.36985,57.21809 -133.30062,57.23748 -133.22354,57.21037 -133.16181,57.19003 -133.11621,57.18871 -133.05411,57.22398 -133.03053,57.25921 -133.0085,57.28346 -132.98809,57.322 -132.93222,57.3527 -132.8656,57.36685 -132.79854,57.36718 -132.78928,57.39651 -132.69678,57.4237 -132.57033,57.40306 -132.51779,57.39187 -132.48731,57.35423 -132.36798,57.34868 -132.35944,57.33903 -132.33382,57.31006 -132.32528,57.3004 -132.31981,57.29421 -132.30339,57.27565 -132.29792,57.26947 -132.29437,57.26529 -132.28371,57.25275 -132.28016,57.24857 -132.27724,57.24514 -132.27433,57.24171 -132.25219,57.21565 -132.25247,57.21536 -132.25396,57.21386 -132.25542,57.21238 -132.25689,57.2109 -132.26063,57.20712 -132.27421,57.19339 -132.2878,57.17965 -132.2959,57.17146 -132.29881,57.16852 -132.30172,57.16558 -132.304,57.16327 -132.30643,57.16082 -132.3092,57.15802 -132.31196,57.15522 -132.31474,57.15241 -132.32729,57.13973 -132.33984,57.12705 -132.34029,57.12659 -132.35346,57.11327 -132.36663,57.09996 -132.37131,57.09523 -132.11878,57.06048 -132.05104,57.05115 -132.05322,57.04628 -132.05352,57.04562 -132.05382,57.04496 -132.05495,57.04242 -132.0629,57.02465 -132.07086,57.00689 -132.07091,57.00677 -132.07107,57.00641 -132.07113,57.00629 -132.07598,56.99463 -132.08084,56.98297 -132.08209,56.97997 -132.08372,56.97605 -132.08667,56.96624 -132.09649,56.94093 -132.1161,56.89039 -132.18386,56.89625 -132.25825,56.85595 -132.29889,56.80459 -132.34516,56.76732 -132.36054,56.73238 -132.41653,56.7075 -132.4935,56.72749 -132.57857,56.70527 -132.59175,56.66625 -132.56504,56.62795 -132.54265,56.60769 -132.55585,56.56388 -132.60972,56.53313 -132.67069,56.52269 -132.69888,56.51245 -132.72198,56.49739 -132.75881,56.48402 -132.80115,56.48235 -132.84932,56.48453 -132.88956,56.48372 -132.92786,56.47872 -132.95518,56.47346 -132.988,56.4655 -133.03134,56.44867 -133.10998,56.39576
Prince of Wales-Hyder,-133.1417,56.34337 -133.13895,56.34209 -133.11189,56.32679 -133.09446,56.31318 -133.071,56.28428 -133.04594,56.25537 -133.03355,56.2149 -133.02053,56.16548 -133.01329,56.14222 -132.99718,56.12846 -132.93405,56.09148 -132.888,56.0645 -132.86152,56.05337 -132.83662,56.04556 -132.81092,56.03855 -132.7701,56.0241 -132.73136,56.00509 -132.67259,55.97142 -132.58863,55.92292 -132.50394,55.87407 -132.42521,55.82833 -132.37375,55.80063 -132.32926,55.79347 -132.28939,55.7519 -132.26512,55.72056 -132.20209,55.63892 -132.22301,55.63731 -132.24478,55.58146 -132.2027,55.54711 -132.11152,55.49116 -132.03312,55.43147 -131.7832,55.10068 -131.61722,55.12485 -131.6489,55.12977 -131.62857,55.14849 -131.60394,55.19425 -131.62557,55.23794 -131.62201,55.26543 -131.59119,55.2909 -131.55937,55.29589 -131.47561,55.26834 -131.39911,55.22124 -131.35575,55.20308 -131.30285,55.19154 -131.31396,55.15783 -131.33772,55.13729 -131.33603,55.0701 -131.34659,55.02413 -131.41857,55.00122 -131.52338,55.01045 -131.58212,54.99122 -131.75107,54.68704 -131.75884,54.6869 -132.00481,54.68245 -132.48794,54.67014 -132.65795,54.66564 -132.68666,54.66486 -132.69556,54.66464 -132.80567,54.66193 -132.86906,54.66036 -132.9257,54.65897 -133.12109,54.6517 -133.26573,54.64631 -133.6489,54.63204 -133.65963,54.64915 -133.67426,54.68209 -133.68604,54.71046 -133.7245,54.79497 -133.74803,54.84685 -133.75715,54.88019 -133.77605,54.93735 -133.78452,54.95349 -133.78866,54.99202 -133.78757,55.00346 -133.77832,55.01386 -133.75102,55.03652 -133.71684,55.06619 -133.67761,55.10151 -133.65061,55.12882 -133.62547,55.15703 -133.61148,55.17646 -133.63746,55.1788 -133.67001,55.18783 -133.69748,55.2079 -133.70394,55.2203 -133.70761,55.22937 -133.74149,55.25036 -133.77562,55.28224 -133.77571,55.30287 -133.77845,55.31962 -133.76138,55.34626 -133.76737,55.35763 -133.77216,55.37914 -133.7716,55.39432 -133.79065,55.39124 -133.83304,55.38857 -133.87392,55.39884 -133.89089,55.40948 -133.90715,55.434 -133.89786,55.45907 -133.87413,55.47447 -133.86138,55.48064 -133.86188,55.49142 -133.85382,55.51376 -133.83484,55.53326 -133.83537,55.5375 -133.83427,55.55682 -133.81035,55.58641 -133.81393,55.60305 -133.79825,55.63323 -133.81267,55.64513 -133.84223,55.64723 -133.88127,55.67232 -133.88768,55.68364 -133.88763,55.6939 -133.87956,55.71545 -133.85223,55.73332 -133.83244,55.74109 -133.8345,55.74432 -133.84071,55.74903 -133.8461,55.75657 -133.84896,55.77806 -133.83798,55.7933 -133.85217,55.7945 -133.85672,55.79287 -133.8859,55.78023 -133.9083,55.77633 -133.92443,55.77607 -133.93061,55.77593 -133.93656,55.776 -133.96525,55.7807 -133.97478,55.78508 -133.98277,55.78876 -133.99588,55.7952 -134.00239,55.79937 -134.00378,55.80215 -134.00738,55.80594 -134.0076,55.80637 -134.01094,55.81317 -134.01277,55.8197 -134.01163,55.83019 -134.01105,55.83162 -134.00773,55.83979 -134.00675,55.84222 -134.00218,55.84726 -134.00464,55.84898 -134.00477,55.84906 -134.00842,55.85122 -134.01373,55.85719 -134.01923,55.86494 -134.0229,55.87223 -134.02544,55.87961 -134.02642,55.88243 -134.02698,55.892 -134.02501,55.89432 -134.02447,55.89495 -134.02429,55.89517 -134.01334,55.91073 -134.00431,55.92173 -133.98287,55.94257 -133.92426,55.9809 -133.87802,56.00916 -133.86242,56.02419 -133.84086,56.05308 -133.81964,56.08151 -133.81548,56.08709 -133.80949,56.10057 -133.79747,56.1313 -133.79452,56.14626 -133.77812,56.22951 -133.77609,56.24182 -133.77221,56.27543 -133.72887,56.3344 -133.69544,56.35868 -133.66379,56.37131 -133.57703,56.3897 -133.46553,56.38907 -133.25584,56.37131 -133.171,56.35553 -133.1691,56.3551 -133.16936,56.35493
Sitka,-134.66663,56.16741 -134.66646,56.15981 -134.66638,56.14502 -134.66679,56.14525 -134.66804,56.14594 -134.66845,56.14617 -134.6704,56.14704 -134.67625,56.14965 -134.6782,56.15052 -134.68817,56.15501 -134.70623,56.1651 -134.72919,56.17657 -134.7754,56.19676 -134.79424,56.20521 -134.82346,56.21832 -134.85433,56.23643 -134.8675,56.24741 -134.99798,56.34792 -135.10246,56.4284 -135.10526,56.43056 -135.20695,56.50889 -135.32414,56.59613 -135.38462,56.64115 -135.56924,56.77859 -135.6757,56.85784 -135.68069,56.86156 -135.79289,56.94508 -135.80747,56.95531 -135.85121,56.98601 -135.86579,56.99625 -135.86663,56.99711 -135.86916,56.99972 -135.87,57.00059 -135.90798,57.05773 -135.93706,57.10149 -136.05388,57.27726 -136.24447,57.5387 -136.24872,57.54326 -136.25238,57.54867 -136.26152,57.55802 -136.2661,57.56491 -136.33333,57.6543 -136.34751,57.67316 -136.3546,57.68117 -136.37495,57.70907 -136.38319,57.71891 -136.39599,57.73564 -136.40718,57.75 -136.41081,57.75466 -136.43917,57.80161 -136.4444,57.8091 -136.44671,57.81138 -136.45448,57.83078 -136.39618,57.83141 -136.36942,57.83168 -136.30442,57.83234 -136.23083,57.83309 -136.07755,57.83497 -136.02572,57.83763 -136.02329,57.84042 -135.97864,57.90162 -135.92341,57.97974 -135.90758,57.99969 -135.89984,58.00139 -135.88584,57.99915 -135.86877,57.99396 -135.84454,57.98465 -135.76102,57.94429 -135.55132,57.88762 -135.47342,57.86062 -135.34097,57.79832 -135.28859,57.77907 -135.11115,57.77324 -134.98328,57.78362 -134.89,57.78811 -134.70961,57.45667 -134.74275,57.24257 -134.62211,56.92993 -134.56759,56.86397 -134.54569,56.83618 -134.51845,56.74893 -134.51616,56.7415 -134.50077,56.6703 -134.47241,56.53535 -134.46883,56.51492 -134.44163,56.37113 -134.43687,56.32267 -134.49718,56.28379 -134.53037,56.28412 -134.62072,56.28523 -134.66593,56.28472 -134.66596,56.27832 -134.66624,56.25403 -134.66662,56.22199 -134.66664,56.22027 -134.66665,56.21994 -134.66671,56.21392 -134.66667,56.19453 -134.66664,56.16984 -134.66665,56.16819 -134.66663,56.16748 -134.66663,56.16744
Skagway-Hoonah-Angoon,-135.0306,59.3462 -135.3756,59.3407 -135.7207,59.7296 -135.4797,59.8008 -135.2332,59.6967 -135.0251,59.5653 -135.0689,59.4557 -135.0306,59.3462
Skagway,-135.23697,59.34245 -135.29168,59.34169 -135.35398,59.34081 -135.37552,59.34063 -135.38651,59.35312 -135.4286,59.40024 -135.43925,59.41217 -135.45873,59.43398 -135.50331,59.4839 -135.50906,59.49034 -135.52271,59.50561 -135.53952,59.52444 -135.54761,59.5335 -135.56356,59.55136 -135.57071,59.55936 -135.57971,59.56943 -135.60782,59.60091 -135.63077,59.62665 -135.66631,59.66653 -135.6996,59.70388 -135.63308,59.75518 -135.47744,59.79963 -135.37009,59.75238 -135.28492,59.71489 -135.28045,59.71293 -135.26706,59.70703 -135.26259,59.70507 -135.25643,59.70235 -135.25412,59.70134 -135.24377,59.69795 -135.23445,59.69793 -135.23115,59.69718 -135.22983,59.6946 -135.22125,59.67784 -135.21839,59.67225 -135.21722,59.66996 -135.21434,59.66434 -135.16674,59.63224 -135.16571,59.63183 -135.16385,59.63108 -135.16274,59.63063 -135.15311,59.62516 -135.13802,59.62427 -135.13548,59.62412 -135.11459,59.62341 -135.02746,59.56369 -135.02667,59.54346 -135.02637,59.53574 -135.02633,59.47466 -135.04924,59.46377 -135.0541,59.46145 -135.0687,59.45451 -135.07124,59.45331 -135.0731,59.45153 -135.09798,59.42778 -135.00325,59.39259 -134.99325,59.3878 -135.00331,59.37689 -135.01108,59.36744 -135.01886,59.35799 -135.03483,59.34529 -135.07628,59.34471 -135.11274,59.3442 -135.15352,59.34362 -135.1898,59.34312 -135.21948,59.3427
Southeast Fairbanks,-146.67823,64.25849 -146.67041,64.25851 -146.60896,64.26064 -146.55958,64.27054 -146.52077,64.27727 -146.48645,64.28177 -146.46535,64.28194 -146.4058,64.28016 -146.36638,64.27849 -146.34743,64.2801 -146.33166,64.28494 -146.22962,64.31666 -146.20137,64.36897 -146.04325,64.37753 -145.84535,64.42908 -145.62274,64.43055 -145.36989,64.45618 -145.10198,64.50575 -144.93549,64.57708 -144.75731,64.58954 -144.62291,64.59689 -144.40169,64.59547 -144.18502,64.64215 -144.05209,64.67715 -144.06116,64.68344 -144.05282,64.68201 -143.82813,64.65569 -143.72848,64.65177 -143.6419,64.67905 -143.51999,64.77244 -143.44977,64.83124 -143.48265,64.92214 -143.39404,64.98631 -143.30365,65.0365 -143.1221,65.08927 -142.99708,65.13673 -142.8054,65.17805 -142.74828,65.23826 -142.73681,65.30431 -142.6962,65.33319 -142.56222,65.38425 -142.40375,65.41057 -142.19731,65.45986 -142.04308,65.45623 -141.86821,65.44345 -141.66341,65.51659 -141.51231,65.56931 -141.36606,65.65351 -141.25668,65.7492 -141.13827,65.79922 -141.00247,65.83942 -141.00246,65.8392 -141.00246,65.80473 -141.00245,65.76224 -141.00244,65.70192 -141.00245,65.6937 -141.00245,65.68206 -141.00244,65.6362 -141.00242,65.61113 -141.00243,65.56985 -141.00242,65.55268 -141.00241,65.51423 -141.00241,65.49975 -141.00241,65.46872 -141.0024,65.44534 -141.0024,65.42101 -141.00239,65.37475 -141.00239,65.32232 -141.00238,65.2971 -141.00236,65.24072 -141.00236,65.19072 -141.00235,65.14986 -141.00234,65.11698 -141.00234,65.07274 -141.00234,65.02016 -141.00233,64.99973 -141.00233,64.99467 -141.00232,64.94879 -141.00232,64.91168 -141.00232,64.88022 -141.00231,64.84237 -141.00231,64.80591 -141.00231,64.77882 -141.0023,64.77288 -141.0023,64.71302 -141.00229,64.68535 -141.00229,64.68338 -141.00229,64.68156 -141.00229,64.61602 -141.00228,64.55168 -141.00228,64.50168 -141.00228,64.45141 -141.00228,64.38832 -141.00228,64.36253 -141.00227,64.31484 -141.00228,64.3139 -141.00226,64.2719 -141.00225,64.24968 -141.00225,64.18719 -141.00226,64.13923 -141.00225,64.1118 -141.00226,64.09071 -141.00226,64.07658 -141.00226,64.05833 -141.00226,64.03809 -141.00226,63.99969 -141.00225,63.91837 -141.00226,63.88128 -141.00225,63.79689 -141.00224,63.72121 -141.00222,63.61924 -141.00224,63.57587 -141.00224,63.50384 -141.00224,63.47798 -141.00224,63.40049 -141.00221,63.26835 -141.0022,63.12469 -141.00219,63.02877 -141.00218,62.91682 -141.00218,62.90016 -141.00218,62.87469 -141.00217,62.82392 -141.00216,62.74968 -141.00216,62.69958 -141.00215,62.65172 -141.00215,62.63989 -141.00215,62.63395 -141.00215,62.62117 -141.00215,62.61724 -141.00215,62.61169 -141.00215,62.58823 -141.00216,62.53561 -141.00215,62.51743 -141.00214,62.49967 -141.00215,62.45315 -141.00215,62.4525 -141.00213,62.44512 -141.00214,62.4284 -141.00214,62.38449 -141.00214,62.30186 -141.00214,62.25782 -141.00214,62.24027 -141.00213,62.22411 -141.00214,62.16166 -141.00214,62.16102 -141.00213,62.12468 -141.0024,62.11052 -141.0022,62.05267 -141.00211,62.0371 -141.00212,61.99404 -141.00211,61.96417 -141.00224,61.9126 -141.00227,61.90192 -141.81841,61.90105 -141.83019,62.06472 -141.9511,62.12758 -141.97162,62.33032 -142.12756,62.59353 -142.31911,62.61516 -142.6466,62.69875 -142.83009,62.62157 -143.00235,62.6115 -143.15027,62.64495 -143.0338,62.74492 -143.08052,62.89435 -143.08862,63.00857 -143.5422,63.11513 -144.44722,63.11675 -144.94589,63.13359 -145.25057,63.22232 -145.79745,63.2226 -146.12166,63.19519 -146.15777,63.18332 -146.20094,63.18224 -146.27093,63.18673 -146.33,63.19043 -146.35809,63.18621 -146.48314,63.17338 -146.48412,63.17332 -146.48418,63.17392 -146.4892,63.2679 -146.4892,63.26885 -146.4893,63.32933 -146.48932,63.34001 -146.48935,63.35534 -146.48937,63.36815 -146.48941,63.39514 -146.48942,63.39895 -146.48947,63.43621 -146.4895,63.45302 -146.48953,63.46821 -146.48954,63.47804 -146.48954,63.48156 -146.48954,63.48245 -146.48954,63.48291 -146.6108,63.48169 -146.65188,63.48133 -146.68935,63.48114 -146.73137,63.48094 -146.75134,63.48085 -146.75344,63.48084 -146.78184,63.48069 -146.84253,63.48039 -146.87355,63.48029 -146.90154,63.48015 -146.90723,63.48008 -146.91728,63.50458 -146.93028,63.53624 -146.93682,63.55219 -146.94711,63.58026 -146.95577,63.60504 -146.95964,63.61609 -146.9664,63.63547 -146.97755,63.66739 -146.97679,63.73051 -146.97662,63.74285 -146.97633,63.75213 -146.97524,63.78776 -146.97349,63.84498 -146.97249,63.87785 -146.97211,63.9048 -146.97264,63.92212 -146.97291,63.92516 -146.97604,63.95962 -146.98085,64.01268 -146.98121,64.01666 -146.98185,64.02375 -146.98387,64.04598 -146.98548,64.06371 -146.98966,64.10982 -146.99337,64.15067 -146.9973,64.19401 -147.00318,64.25893 -147.00231,64.25892 -146.72804,64.2585
Valdez-Cordova,-148.58616,60.00022 -148.5864,60.00042 -148.58655,60.01262 -148.58703,60.05273 -148.57075,60.09621 -148.56381,60.21399 -148.56288,60.34837 -148.58112,60.42268 -148.65389,60.423 -148.66546,60.44908 -148.65592,60.49697 -148.65608,60.54892 -148.65615,60.57687 -148.65627,60.62242 -148.65634,60.64929 -148.65598,60.67848 -148.65594,60.68377 -148.65425,60.70537 -148.67755,60.73438 -148.72595,60.73402 -148.74558,60.73388 -148.7456,60.73688 -148.74598,60.75698 -148.74627,60.7642 -148.74643,60.77801 -148.74632,60.80046 -148.74611,60.8325 -148.72922,60.8461 -148.6775,60.84597 -148.59779,60.84686 -148.59427,60.84697 -148.59179,60.84705 -148.55218,60.84825 -148.52196,60.84917 -148.47362,60.87183 -148.47396,60.91918 -148.47404,60.92984 -148.47411,60.93937 -148.47436,60.97551 -148.47554,60.9965 -148.47708,61.04203 -148.47826,61.09981 -148.46164,61.18812 -148.46132,61.22505 -148.46061,61.31393 -148.46053,61.34858 -148.46009,61.42592 -148.46001,61.42697 -148.45422,61.42695 -148.11843,61.42668 -147.95942,61.42699 -147.83938,61.42722 -147.55281,61.42665 -147.20592,61.44163 -147.11408,61.47518 -146.94401,61.5691 -146.94103,61.7724 -146.9586,61.91854 -146.95842,61.93737 -146.96051,62.0592 -146.6792,62.24934 -146.54211,62.24804 -146.42631,62.26454 -146.42624,62.32977 -146.42638,62.37704 -146.4257,62.46066 -146.43775,62.53833 -146.4371,62.56865 -146.43649,62.61656 -146.43578,62.67601 -146.43217,62.79483 -146.44038,62.92945 -146.4803,62.9883 -146.47961,63.12916 -146.48412,63.17332 -146.48314,63.17338 -146.35809,63.18621 -146.33,63.19043 -146.27093,63.18673 -146.20094,63.18224 -146.15777,63.18332 -146.12166,63.19519 -145.79745,63.2226 -145.25057,63.22232 -144.94589,63.13359 -144.44722,63.11675 -143.5422,63.11513 -143.08862,63.00857 -143.08052,62.89435 -143.0338,62.74492 -143.15027,62.64495 -143.00235,62.6115 -142.83009,62.62157 -142.6466,62.69875 -142.31911,62.61516 -142.12756,62.59353 -141.97162,62.33032 -141.9511,62.12758 -141.83019,62.06472 -141.81841,61.90105 -141.00227,61.90192 -141.00231,61.90164 -141.00237,61.89523 -141.00211,61.86537 -141.00209,61.82242 -141.00208,61.75356 -141.00259,61.74539 -141.00255,61.74261 -141.00252,61.74041 -141.0025,61.73946 -141.00244,61.73743 -141.00241,61.7364 -141.00222,61.70566 -141.00205,61.67869 -141.00205,61.65983 -141.00204,61.62617 -141.00204,61.61016 -141.00204,61.5907 -141.00202,61.5619 -141.00202,61.53107 -141.00203,61.51492 -141.002,61.50347 -141.00201,61.49807 -141.00201,61.49133 -141.00202,61.4574 -141.00202,61.43442 -141.00199,61.42939 -141.00199,61.41289 -141.00199,61.39808 -141.002,61.38559 -141.00199,61.37827 -141.00199,61.3657 -141.00201,61.35296 -141.00198,61.34983 -141.002,61.32375 -141.00198,61.28694 -141.00197,61.26713 -141.00198,61.25359 -141.00196,61.24706 -141.00197,61.22571 -141.00196,61.21079 -141.00197,61.20696 -141.00196,61.19368 -141.00197,61.1729 -141.00196,61.12459 -141.00194,61.09003 -141.00194,61.08501 -141.00194,61.07926 -141.00194,61.06874 -141.00195,61.06271 -141.00195,61.05277 -141.00195,61.02575 -141.00193,60.98821 -141.00192,60.96416 -141.00193,60.95921 -141.00193,60.95481 -141.00191,60.94965 -141.00193,60.94192 -141.00192,60.90102 -141.00191,60.88323 -141.00192,60.85338 -141.00189,60.8131 -141.00192,60.79371 -141.00192,60.78306 -141.00189,60.77154 -141.00191,60.7586 -141.00192,60.75244 -141.00189,60.73677 -141.00189,60.72675 -141.00189,60.70484 -141.0019,60.68808 -141.00189,60.67353 -141.0019,60.65131 -141.00187,60.50132 -141.00187,60.48045 -141.00185,60.45352 -141.00186,60.41811 -141.18591,60.39235 -141.61891,60.43464 -141.731,60.43432 -141.76242,60.43473 -141.96308,60.52138 -142.67603,60.51634 -142.68316,60.51632 -142.75432,60.51639 -142.77499,60.51643 -142.81921,60.51636 -142.82708,60.51602 -143.10193,60.51866 -143.13009,60.51872 -143.1573,60.51879 -143.19316,60.50161 -143.27152,60.44996 -143.70136,60.16664 -143.7279,60.14914 -143.73121,60.14696 -143.74977,60.13471 -143.76558,60.1243 -143.84939,60.06904 -143.87782,60.0503 -143.88995,60.0423 -143.88845,60.02707 -143.88543,59.99076 -143.89713,59.92313 -144.14408,59.91945 -144.54218,59.71932 -144.7781,59.77856 -144.64173,59.92439 -144.69778,60.10583 -145.09797,60.14611 -145.31769,60.17969 -145.54926,60.23767 -145.64963,60.26398 -146.17931,60.28006 -146.7234,60.15651 -146.89611,60.11444 -146.93928,60.10385 -146.94075,60.10369 -147.00257,60.09754 -147.24035,59.9994 -147.28094,59.92357 -147.33483,59.83387 -147.64451,59.75 -147.91791,59.74203 -148.03966,59.76905 -148.09893,59.8143 -148.21851,59.87564 -148.95871,59.89286 -148.71761,59.93752 -148.67382,59.94483 -148.66204,59.94588 -148.61884,59.95401 -148.58321,59.97235 -148.58525,59.99819
Wade Hampton,-164.92158,62.91662 -164.90998,62.93662 -164.90293,62.957 -164.89663,62.9795 -164.91067,62.99255 -164.90305,63.01172 -164.90674,63.04489 -164.83032,63.08225 -164.7438,63.09323 -164.72774,63.12465 -164.66287,63.16537 -164.48326,63.25472 -164.12891,63.3153 -163.93294,63.30017 -163.82362,63.28384 -163.73734,63.2662 -163.6134,63.22868 -163.54204,63.19735 -163.45517,63.17495 -163.34982,63.12369 -163.10286,63.11301 -163.02618,63.15347 -162.95813,63.17679 -162.91691,63.2308 -162.80644,63.26599 -162.66642,63.31692 -162.57848,63.27276 -162.55455,63.27205 -162.53666,63.27183 -162.49612,63.27174 -162.37761,63.26047 -162.37737,63.23103 -162.36073,63.18637 -162.3025,63.18612 -162.18466,63.18645 -162.17956,63.12091 -162.06317,63.09614 -161.99168,63.09574 -161.99109,63.07759 -161.99104,63.05637 -161.95376,63.01272 -161.90996,63.01277 -161.76517,63.01295 -161.59817,63.01317 -161.50314,63.01329 -161.38637,63.01345 -161.29562,63.01332 -161.16847,63.01314 -161.07491,63.013 -160.95929,63.01284 -160.85883,63.0127 -160.85114,63.01269 -160.85118,63.01141 -160.90009,62.99891 -160.94199,62.97476 -160.9609,62.89795 -160.99438,62.87184 -160.99674,62.76971 -160.99845,62.70008 -161.00082,62.63301 -161.04528,62.55045 -161.04491,62.51023 -161.04531,62.4771 -161.04665,62.36113 -161.04719,62.2556 -160.95032,62.20586 -160.91052,62.16005 -160.91296,62.07435 -160.91195,62.01002 -160.91211,61.99303 -160.91283,61.96767 -160.91329,61.96021 -160.88623,61.94935 -160.85593,61.94825 -160.82863,61.94852 -160.72465,61.94905 -160.63182,61.94903 -160.54823,61.94751 -160.53414,61.94726 -160.53397,61.94557 -160.24579,61.84879 -160.40439,61.81244 -161.12681,61.59954 -161.50972,61.55136 -162.28161,61.51277 -162.62769,61.54483 -162.84516,61.4996 -163.19922,61.45021 -163.42455,61.48554 -163.46258,61.41376 -163.52243,61.36575 -163.65276,61.33584 -163.99896,61.34424 -163.92378,61.24814 -164.07962,61.15203 -164.16309,61.15377 -164.15086,61.0767 -164.17755,61.01721 -164.37987,60.97398 -164.5513,60.9431 -164.61659,60.97681 -164.72394,60.9842 -164.85775,60.96987 -164.99636,60.95629 -165.25416,60.91711 -165.26303,60.92313 -165.27604,60.93776 -165.29323,60.95439 -165.30342,60.97906 -165.29354,60.99971 -165.27473,61.01465 -165.25479,61.03465 -165.24601,61.05351 -165.26838,61.04407 -165.33913,61.0179 -165.47271,61.0198 -165.56114,61.03113 -165.66365,61.05781 -165.74339,61.12519 -165.78688,61.19811 -165.8091,61.208 -165.83398,61.22775 -165.84174,61.23956 -165.88237,61.25163 -165.92638,61.26701 -165.94737,61.28669 -165.99039,61.31643 -165.99863,61.33552 -166.02376,61.36107 -166.05055,61.40089 -166.15212,61.44361 -166.19449,61.45987 -166.25409,61.52225 -166.28861,61.58081 -166.26524,61.64697 -166.26213,61.69326 -166.23795,61.74086 -166.23755,61.78056 -166.19776,61.83427 -166.12211,61.86993 -166.1069,61.90574 -166.07749,61.9739 -166.09649,61.99834 -166.12982,62.0253 -166.09622,62.07345 -165.98568,62.12614 -165.89897,62.12699 -165.84859,62.16093 -165.79247,62.19032 -165.7336,62.21173 -165.6689,62.25081 -165.57025,62.32363 -165.4638,62.38373 -165.44887,62.39102 -165.44674,62.39539 -165.40287,62.45225 -165.38841,62.48526 -165.34621,62.5267 -165.31161,62.59547 -165.21586,62.6142 -165.24809,62.64803 -165.25699,62.68183 -165.22189,62.72247 -165.126,62.74052 -165.05305,62.74225 -165.02065,62.75627 -164.9867,62.76074 -165.0094,62.77787 -165.01876,62.79241 -165.01502,62.8004 -165.02372,62.80472 -165.03814,62.82065 -165.03627,62.8289 -165.03291,62.83773 -165.01939,62.85199 -164.99653,62.86658 -164.96428,62.87435 -164.93927,62.87752 -164.92877,62.89405 -164.92227,62.89923 -164.92213,62.9125
Wrangell,-133.1417,56.34337 -133.16936,56.35493 -133.1691,56.3551 -133.11656,56.3914 -133.10998,56.39576 -133.03134,56.44867 -132.988,56.4655 -132.95518,56.47346 -132.92786,56.47872 -132.88956,56.48372 -132.84932,56.48453 -132.80115,56.48235 -132.75881,56.48402 -132.72198,56.49739 -132.69888,56.51245 -132.67069,56.52269 -132.60972,56.53313 -132.55585,56.56388 -132.54265,56.60769 -132.56504,56.62795 -132.59175,56.66625 -132.57857,56.70527 -132.4935,56.72749 -132.41653,56.7075 -132.36054,56.73238 -132.34516,56.76732 -132.29889,56.80459 -132.25825,56.85595 -132.18386,56.89625 -132.12593,56.8747 -132.12341,56.87403 -132.10177,56.86834 -132.02927,56.84927 -132.00511,56.84292 -131.94723,56.82645 -131.87172,56.80496 -131.88082,56.78718 -131.88608,56.7769 -131.8865,56.77608 -131.89672,56.75974 -131.90176,56.75316 -131.87532,56.72053 -131.86203,56.70414 -131.86072,56.6994 -131.85176,56.66722 -131.85154,56.6665 -131.85121,56.66545 -131.85022,56.66228 -131.8499,56.66123 -131.84976,56.66068 -131.84935,56.65903 -131.84922,56.65848 -131.84908,56.65793 -131.84867,56.65628 -131.84853,56.65573 -131.84832,56.65455 -131.84768,56.65101 -131.84747,56.64982 -131.84733,56.64931 -131.84691,56.64778 -131.84678,56.64727 -131.84629,56.64516 -131.84487,56.63898 -131.84483,56.63883 -131.84428,56.63674 -131.8387,56.61546 -131.83513,56.60185 -131.7832,56.60333 -131.76121,56.60396 -131.61393,56.6118 -131.6074,56.61215 -131.58122,56.61327 -131.50749,56.572 -131.5013,56.56854 -131.50025,56.56795 -131.49599,56.56557 -131.49595,56.56554 -131.49513,56.56512 -131.4783,56.55641 -131.46181,56.5479 -131.4301,56.53768 -131.42977,56.53757 -131.42944,56.53747 -131.42841,56.53713 -131.42802,56.537 -131.42397,56.53567 -131.41299,56.53204 -131.39796,56.52708 -131.39555,56.52628 -131.3945,56.52594 -131.39345,56.52559 -131.38856,56.52398 -131.38727,56.52355 -131.38597,56.52312 -131.36346,56.51569 -131.22793,56.4691 -131.20282,56.45984 -131.19318,56.45628 -131.19182,56.45578 -131.18603,56.45398 -131.16792,56.44836 -131.13016,56.42853 -131.10264,56.41461 -131.08746,56.40737 -131.09132,56.33323 -131.03147,56.28388 -131.03934,56.2439 -131.14756,56.19668 -131.24987,56.1899 -131.3148,56.1893 -131.41166,56.13886 -131.40445,56.08968 -131.36441,56.01685 -131.46101,56.02297 -131.5298,56.0378 -131.59198,56.07492 -131.6534,56.10385 -131.67397,56.07722 -131.72566,56.06336 -131.83047,56.05554 -131.86339,56.0312 -131.8877,55.99074 -131.87163,55.95109 -131.92317,55.91703 -131.97518,55.88193 -131.94638,55.80791 -131.98207,55.72681 -132.07006,55.70911 -132.20196,55.63891 -132.20209,55.63892 -132.26512,55.72056 -132.28939,55.7519 -132.32926,55.79347 -132.37375,55.80063 -132.42521,55.82833 -132.50394,55.87407 -132.58863,55.92292 -132.67259,55.97142 -132.73136,56.00509 -132.7701,56.0241 -132.81092,56.03855 -132.83662,56.04556 -132.86152,56.05337 -132.888,56.0645 -132.93405,56.09148 -132.99718,56.12846 -133.01329,56.14222 -133.02053,56.16548 -133.03355,56.2149 -133.04594,56.25537 -133.071,56.28428 -133.09446,56.31318 -133.11189,56.32679 -133.13895,56.34209
Yakutat,-143.87782,60.0503 -143.84939,60.06904 -143.76558,60.1243 -143.74977,60.13471 -143.73121,60.14696 -143.7279,60.14914 -143.70136,60.16664 -143.27152,60.44996 -143.19316,60.50161 -143.1573,60.51879 -143.13009,60.51872 -143.10193,60.51866 -142.82708,60.51602 -142.81921,60.51636 -142.77499,60.51643 -142.75432,60.51639 -142.68316,60.51632 -142.67603,60.51634 -141.96308,60.52138 -141.76242,60.43473 -141.731,60.43432 -141.61891,60.43464 -141.18591,60.39235 -141.00186,60.39119 -141.00185,60.37753 -141.00184,60.33572 -141.00184,60.31211 -141.00184,60.3061 -140.53509,60.22422 -140.45832,60.30696 -140.37796,60.28611 -140.31177,60.26894 -139.73892,60.31842 -139.57353,60.34394 -139.38261,60.34932 -139.08667,60.35765 -139.08556,60.34921 -139.08476,60.34308 -139.08444,60.34065 -139.08349,60.33333 -139.08564,60.31713 -139.08753,60.3134 -139.08825,60.31199 -139.08899,60.31053 -139.09053,60.30749 -139.09297,60.30268 -139.09364,60.30135 -139.09555,60.29759 -139.09775,60.29324 -139.09907,60.29064 -139.10891,60.27118 -139.11653,60.25618 -139.11793,60.25341 -139.12055,60.24824 -139.12265,60.24411 -139.15024,60.18963 -139.15569,60.17888 -139.16802,60.15451 -139.19174,60.10774 -139.19368,60.10384 -139.20035,60.0907 -139.07231,60.01747 -139.05704,60.00682 -139.0536,60.00186 -139.04079,59.9965 -138.93762,59.96776 -138.67649,59.84744 -138.64342,59.7925 -138.61589,59.768 -138.58482,59.75245 -138.56023,59.7412 -138.06742,59.48644 -138.00113,59.45216 -137.58566,59.19829 -137.58116,59.18748 -137.58061,59.18615 -137.56288,59.14353 -137.55447,59.12332 -137.54111,59.09119 -137.52207,59.04542 -137.52077,59.04229 -137.51565,59.02998 -137.51441,59.02701 -137.52522,58.91028 -137.52615,58.90684 -137.52552,58.90686 -137.52529,58.90687 -137.52593,58.90671 -137.54238,58.90261 -137.54868,58.90104 -137.56293,58.89748 -137.56807,58.8962 -137.57235,58.89513 -137.57636,58.89413 -137.5844,58.89213 -137.5846,58.89208 -137.59038,58.89063 -137.59274,58.89004 -137.60125,58.88792 -137.60608,58.88672 -137.60936,58.8859 -137.6191,58.88347 -137.64584,58.8768 -137.64878,58.87606 -137.65283,58.87506 -137.67252,58.87014 -137.68774,58.86634 -137.73123,58.8555 -137.93734,58.80407 -137.93911,58.80363 -137.94648,58.80179 -138.02857,58.78131 -138.03149,58.82833 -138.03095,58.85734 -138.05247,58.8746 -138.2044,58.95463 -138.30575,59.00504 -138.42011,59.02908 -138.66394,59.08235 -138.7728,59.12569 -138.85468,59.16723 -139.01226,59.21649 -139.11649,59.2494 -139.19541,59.26411 -139.36308,59.30673 -139.53141,59.35719 -139.6816,59.41501 -139.75164,59.44525 -139.82212,59.47016 -139.87327,59.48635 -139.93827,59.50935 -140.00731,59.53446 -140.09779,59.56459 -140.34419,59.64673 -140.3902,59.65115 -140.44788,59.65502 -140.52559,59.65816 -140.65644,59.65737 -140.7392,59.67006 -140.80005,59.67878 -140.86082,59.68185 -140.96249,59.69147 -141.00168,59.70554 -141.16177,59.75506 -141.5744,59.84441 -141.76204,59.88195 -142.08237,59.94107 -142.85904,60.01137 -143.71408,59.93608 -143.86279,59.92557 -143.88543,59.99076 -143.88845,60.02707 -143.88995,60.0423
Yukon-Koyukuk,-148.65348,64.97943 -148.6535,64.9784 -148.64554,64.63374 -148.51872,64.60185 -148.40731,64.54728 -148.31938,64.50329 -148.23879,64.46226 -148.17854,64.40675 -148.10497,64.36597 -148.03937,64.34495 -148.01055,64.34522 -147.99516,64.34169 -147.99882,64.34171 -148.23231,64.34301 -148.7765,64.34219 -149.04375,64.34311 -149.22019,64.35871 -149.30188,64.35845 -149.61972,64.35794 -150.30467,64.36391 -150.49371,64.36436 -150.83932,64.3115 -151.13647,64.13288 -151.52511,64.03246 -151.85713,64.03019 -152.04823,63.95614 -152.0496,63.90804 -152.05203,63.87306 -152.23617,63.79364 -152.35824,63.65556 -152.70825,63.65165 -152.84346,63.4815 -152.80989,63.39199 -152.51004,63.3036 -152.43432,63.19817 -152.5156,63.10646 -152.81486,62.87372 -152.99689,62.73089 -153.00134,62.72744 -153.00151,62.72744 -153.0017,62.70953 -153.00216,62.66622 -153.00227,62.65607 -153.00245,62.63947 -153.00247,62.63723 -153.00246,62.63565 -153.00214,62.58274 -153.00212,62.58085 -153.00192,62.54682 -153.0019,62.54463 -153.00188,62.54122 -153.00184,62.53351 -153.00171,62.51113 -153.00157,62.48904 -153.0015,62.47791 -153.00135,62.45403 -153.00127,62.43986 -153.00121,62.42971 -153.00113,62.41543 -153.00096,62.38685 -153.00093,62.38203 -153.00064,62.35258 -153.00058,62.34485 -153.00102,62.31304 -153.00112,62.30523 -153.00126,62.29533 -153.01748,62.2953 -153.07312,62.20851 -153.3944,62.20361 -153.54938,62.12241 -153.7377,62.05266 -153.99319,62.02921 -154.37873,62.02897 -154.88613,62.02911 -155.26379,62.02985 -155.85078,62.02962 -156.10079,62.0307 -156.58695,62.03116 -157.20739,62.12906 -157.51956,62.12354 -158.19454,62.12118 -158.53097,62.0422 -158.81832,62.03132 -159.1623,62.03201 -159.34306,61.9456 -159.54787,61.94571 -159.6627,61.94577 -159.82399,61.94553 -159.93615,61.94547 -160.03241,61.94751 -160.16219,61.94831 -160.49797,61.94716 -160.53414,61.94726 -160.54823,61.94751 -160.63182,61.94903 -160.72465,61.94905 -160.82863,61.94852 -160.85593,61.94825 -160.88623,61.94935 -160.91329,61.96021 -160.91283,61.96767 -160.91211,61.99303 -160.91195,62.01002 -160.91296,62.07435 -160.91052,62.16005 -160.95032,62.20586 -161.04719,62.2556 -161.04665,62.36113 -161.04531,62.4771 -161.04491,62.51023 -161.04528,62.55045 -161.00082,62.63301 -160.99845,62.70008 -160.99674,62.76971 -160.99438,62.87184 -160.9609,62.89795 -160.94199,62.97476 -160.90009,62.99891 -160.85118,63.01141 -160.85114,63.01269 -160.84678,63.10076 -160.84721,63.23686 -160.67193,63.27083 -160.67166,63.30039 -160.67663,63.35848 -160.69254,63.43144 -160.69223,63.49851 -160.49456,63.55822 -160.40409,63.61382 -160.19774,63.6141 -159.9578,63.70329 -159.76951,63.79316 -159.70425,63.83443 -159.71842,63.95473 -159.71849,63.95528 -159.73123,64.05209 -159.76095,64.0515 -159.95839,64.06786 -159.96066,64.36771 -159.97528,64.62119 -159.91269,64.74907 -159.77702,64.91508 -159.57534,65.00294 -159.58036,65.20779 -159.38069,65.39335 -159.38671,65.52314 -159.59358,65.52269 -159.59321,65.52896 -159.59951,65.78803 -159.08858,65.95785 -158.96586,66.03223 -158.5243,66.12425 -157.89269,66.28149 -157.89151,66.40742 -157.84043,66.47698 -157.579,66.47628 -157.37878,66.4762 -157.33538,66.4769 -156.96282,66.30265 -156.62438,66.47247 -155.98154,66.39803 -155.55763,66.39999 -155.35726,66.5689 -154.86377,66.65317 -154.47411,66.71695 -154.20189,66.7536 -154.1375,66.89919 -154.13809,67.02678 -154.27549,67.16096 -154.74865,67.27256 -154.83717,67.60188 -155.35261,67.79227 -155.29841,67.99756 -155.29802,68.00177 -154.78608,68.00406 -154.51223,68.00448 -153.75478,68.00535 -153.12948,68.00417 -152.11708,68.00311 -151.60457,68.00686 -151.14082,68.00462 -150.50717,68.0037 -149.77888,68.00091 -149.50375,68.00201 -148.5396,68.00399 -147.66939,68.00258 -146.95816,68.00112 -146.6639,68.00117 -145.9959,68.15449 -145.99587,68.15683 -145.99867,68.40937 -145.93451,68.49057 -145.40852,68.49944 -145.08095,68.50248 -144.61388,68.50497 -144.05504,68.50454 -143.27035,68.49669 -142.40285,68.48977 -141.90868,68.49326 -141.24625,68.49825 -141.00269,68.46672 -141.00269,68.44372 -141.00271,68.31066 -141.00271,68.29443 -141.00272,68.29346 -141.00273,68.29249 -141.00271,68.28629 -141.00272,68.21835 -141.00272,68.21816 -141.00272,68.21797 -141.00272,68.21427 -141.00272,68.20786 -141.00274,68.19155 -141.00271,68.18564 -141.00271,67.92919 -141.00272,67.88177 -141.00271,67.8579 -141.0027,67.80056 -141.00268,67.5433 -141.00268,67.51004 -141.00268,67.41596 -141.00269,67.41077 -141.00269,67.40803 -141.00269,67.40566 -141.00269,67.40319 -141.00268,67.41467 -141.00268,67.28604 -141.00267,67.15741 -141.00265,67.02878 -141.00263,66.90015 -141.00262,66.77152 -141.00263,66.75917 -141.00263,66.75446 -141.00262,66.74975 -141.00262,66.74959 -141.00263,66.74197 -141.00263,66.73671 -141.00262,66.73146 -141.00263,66.72385 -141.00263,66.70117 -141.00262,66.67849 -141.00262,66.67003 -141.00262,66.66157 -141.00262,66.65223 -141.00262,66.64289 -141.0026,66.51427 -141.00261,66.50337 -141.00259,66.49212 -141.0026,66.48582 -141.00259,66.48098 -141.00259,66.47065 -141.00258,66.44088 -141.00258,66.423 -141.00258,66.40512 -141.00258,66.40502 -141.00258,66.40492 -141.00258,66.40482 -141.00258,66.40471 -141.00257,66.38564 -141.00258,66.35154 -141.00257,66.3414 -141.00254,66.28887 -141.00255,66.27693 -141.00255,66.26948 -141.00254,66.257 -141.00253,66.20537 -141.00252,66.20245 -141.00254,66.18632 -141.00255,66.17441 -141.00253,66.15269 -141.00253,66.1517 -141.00253,66.15159 -141.00253,66.15148 -141.00253,66.15146 -141.00253,66.15136 -141.00252,66.15126 -141.00253,66.15098 -141.00253,66.15069 -141.00253,66.13954 -141.00252,66.12838 -141.0025,65.99975 -141.00249,65.9772 -141.00249,65.96802 -141.00249,65.96681 -141.00249,65.96089 -141.00248,65.94316 -141.00248,65.93725 -141.00248,65.93173 -141.00247,65.91519 -141.00246,65.90967 -141.00246,65.90269 -141.00246,65.89893 -141.00247,65.89243 -141.00247,65.89223 -141.00247,65.88173 -141.00247,65.87474 -141.00247,65.86768 -141.00246,65.84648 -141.00246,65.84007 -141.00247,65.83956 -141.00247,65.83949 -141.00247,65.83942 -141.13827,65.79922 -141.25668,65.7492 -141.36606,65.65351 -141.51231,65.56931 -141.66341,65.51659 -141.86821,65.44345 -142.04308,65.45623 -142.19731,65.45986 -142.40375,65.41057 -142.56222,65.38425 -142.6962,65.33319 -142.73681,65.30431 -142.74828,65.23826 -142.8054,65.17805 -142.99708,65.13673 -143.1221,65.08927 -143.30365,65.0365 -143.39404,64.98631 -143.48265,64.92214 -143.44977,64.83124 -143.51999,64.77244 -143.6419,64.67905 -143.72848,64.65177 -143.82813,64.65569 -144.05282,64.68201 -144.06116,64.68344 -144.09041,64.7411 -143.99087,64.9464 -144.00235,65.04593 -143.92668,65.10205 -144.32896,65.09958 -144.83719,65.11903 -145.31758,65.06983 -145.67876,65.06539 -145.71892,65.18262 -146.12469,65.30637 -146.17198,65.44894 -146.54617,65.35384 -146.93676,65.27182 -147.45963,65.24015 -148.4508,65.21157
